-- MySQL Administrator dump 1.4
--
-- ------------------------------------------------------
-- Server version	5.5.17


/*!40101 SET @OLD_CHARACTER_SET_CLIENT=@@CHARACTER_SET_CLIENT */;
/*!40101 SET @OLD_CHARACTER_SET_RESULTS=@@CHARACTER_SET_RESULTS */;
/*!40101 SET @OLD_COLLATION_CONNECTION=@@COLLATION_CONNECTION */;
/*!40101 SET NAMES utf8 */;

/*!40014 SET @OLD_UNIQUE_CHECKS=@@UNIQUE_CHECKS, UNIQUE_CHECKS=0 */;
/*!40014 SET @OLD_FOREIGN_KEY_CHECKS=@@FOREIGN_KEY_CHECKS, FOREIGN_KEY_CHECKS=0 */;
/*!40101 SET @OLD_SQL_MODE=@@SQL_MODE, SQL_MODE='NO_AUTO_VALUE_ON_ZERO' */;


--
-- Create schema finance_system
--

CREATE DATABASE /*!32312 IF NOT EXISTS*/ finance_system;
USE finance_system;

--
-- Table structure for table `finance_system`.`access_group`
--

DROP TABLE IF EXISTS `access_group`;
CREATE TABLE `access_group` (
  `ACCESS_GROUP_ID` int(11) NOT NULL,
  `CODE` varchar(50) NOT NULL,
  `DESCRIPTION` varchar(255) DEFAULT NULL,
  `CREATED_DATE` datetime NOT NULL,
  `CREATED_BY` varchar(50) NOT NULL,
  PRIMARY KEY (`ACCESS_GROUP_ID`) USING BTREE
) ENGINE=InnoDB DEFAULT CHARSET=latin1;

--
-- Dumping data for table `finance_system`.`access_group`
--

/*!40000 ALTER TABLE `access_group` DISABLE KEYS */;
INSERT INTO `access_group` (`ACCESS_GROUP_ID`,`CODE`,`DESCRIPTION`,`CREATED_DATE`,`CREATED_BY`) VALUES 
 (1,'SYSTEM_ADMIN','System Administrator','2021-06-14 12:08:15','194910'),
 (2,'SYSTEM_OPERATOR','System Operator','2021-06-14 12:08:54','194910'),
 (3,'OFFICER_A','Officer A','2021-06-14 12:37:56','194910'),
 (4,'OFFICER_B','Officer B','2021-06-14 12:38:21','194910'),
 (5,'SUPER_USER','higher amount approval','2021-06-14 12:39:27','194910'),
 (6,'BUDGET_USER','Responsible for budget allocation','2021-07-15 11:51:02','194910');
/*!40000 ALTER TABLE `access_group` ENABLE KEYS */;


--
-- Table structure for table `finance_system`.`action_code`
--

DROP TABLE IF EXISTS `action_code`;
CREATE TABLE `action_code` (
  `ACTION_ID` int(11) NOT NULL AUTO_INCREMENT,
  `ACTION_CODE` varchar(20) DEFAULT NULL,
  `DESCRIPTION` varchar(200) DEFAULT NULL,
  `STATUS` char(1) DEFAULT 'A',
  `CREATED_BY` varchar(100) NOT NULL,
  `CREATED_DATE` datetime NOT NULL,
  `LAST_UPDATED_BY` varchar(100) NOT NULL,
  `LAST_UPDATED_DATE` datetime NOT NULL,
  `BUDGET_TYPE` varchar(50) DEFAULT NULL,
  `VERSION` int(11) DEFAULT NULL,
  PRIMARY KEY (`ACTION_ID`)
) ENGINE=InnoDB AUTO_INCREMENT=23 DEFAULT CHARSET=latin1;

--
-- Dumping data for table `finance_system`.`action_code`
--

/*!40000 ALTER TABLE `action_code` DISABLE KEYS */;
INSERT INTO `action_code` (`ACTION_ID`,`ACTION_CODE`,`DESCRIPTION`,`STATUS`,`CREATED_BY`,`CREATED_DATE`,`LAST_UPDATED_BY`,`LAST_UPDATED_DATE`,`BUDGET_TYPE`,`VERSION`) VALUES 
 (12,'01','Product & Production','A','194910','2021-09-25 02:08:55','194910','2021-09-25 02:08:55','MARKETING_EXPENSES',0),
 (13,'02','TV','A','194910','2021-09-25 02:09:17','194910','2021-09-25 02:09:17','MARKETING_EXPENSES',0),
 (14,'03','Radio','A','194910','2021-09-25 02:09:32','194910','2021-09-25 02:09:32','MARKETING_EXPENSES',0),
 (16,'05','Sponsorships & Others','A','194910','2021-09-25 02:10:34','194910','2021-09-25 02:10:34','MARKETING_EXPENSES',0),
 (17,'01','Business benifits','A','194910','2021-09-25 02:11:08','194910','2021-09-25 02:11:08','IT_EXPENSES',0),
 (18,'02','IT Systems','A','194910','2021-09-25 02:11:28','194910','2021-09-25 02:11:28','IT_EXPENSES',0),
 (19,'01','Land & Building','A','194910','2021-09-25 02:15:37','194910','2021-09-25 02:15:37','CAPITAL_EXPENSES',0),
 (20,'02','New Opening - Service Centers','A','194910','2021-09-25 02:16:42','194910','2021-09-25 02:16:42','CAPITAL_EXPENSES',0),
 (21,'01','gift schema','A','194910','2021-09-25 02:18:23','194910','2021-09-25 02:18:23','RETAIL_BANKING_EXPENSES',0);
INSERT INTO `action_code` (`ACTION_ID`,`ACTION_CODE`,`DESCRIPTION`,`STATUS`,`CREATED_BY`,`CREATED_DATE`,`LAST_UPDATED_BY`,`LAST_UPDATED_DATE`,`BUDGET_TYPE`,`VERSION`) VALUES 
 (22,'04','Press','A','194810','2021-09-26 04:34:22','194810','2021-09-26 04:34:22','MARKETING_EXPENSES',0);
/*!40000 ALTER TABLE `action_code` ENABLE KEYS */;


--
-- Table structure for table `finance_system`.`approval_doc`
--

DROP TABLE IF EXISTS `approval_doc`;
CREATE TABLE `approval_doc` (
  `APPROVAL_DOC_ID` int(11) NOT NULL AUTO_INCREMENT,
  `DOC_NAME` varchar(100) DEFAULT NULL,
  `DESCRIPTION` varchar(200) DEFAULT NULL,
  `STATUS` char(1) NOT NULL DEFAULT 'A',
  `APPROVED_DATE` date DEFAULT NULL,
  `REF_NUMBER` varchar(100) DEFAULT NULL,
  `APPROVED_FULL_AMOUNT` double(16,4) DEFAULT NULL,
  `BALANCE_AMOUNT` double(16,4) DEFAULT NULL,
  `CREATED_BY` varchar(100) NOT NULL,
  `CREATED_DATE` datetime NOT NULL,
  `LAST_UPDATED_BY` varchar(100) NOT NULL,
  `LAST_UPDATED_DATE` datetime NOT NULL,
  `APPROVAL_TYPE` varchar(50) DEFAULT NULL,
  `IS_PART_PAYMENT` char(1) DEFAULT 'N',
  `VERSION` int(11) NOT NULL,
  `UTILIZED_AMOUNT` double(16,4) DEFAULT NULL,
  `IS_USED` char(1) DEFAULT 'N' COMMENT 'Y - Yes',
  `DEPARTMENT_ID` int(11) NOT NULL,
  PRIMARY KEY (`APPROVAL_DOC_ID`)
) ENGINE=InnoDB AUTO_INCREMENT=104 DEFAULT CHARSET=latin1;

--
-- Dumping data for table `finance_system`.`approval_doc`
--

/*!40000 ALTER TABLE `approval_doc` DISABLE KEYS */;
INSERT INTO `approval_doc` (`APPROVAL_DOC_ID`,`DOC_NAME`,`DESCRIPTION`,`STATUS`,`APPROVED_DATE`,`REF_NUMBER`,`APPROVED_FULL_AMOUNT`,`BALANCE_AMOUNT`,`CREATED_BY`,`CREATED_DATE`,`LAST_UPDATED_BY`,`LAST_UPDATED_DATE`,`APPROVAL_TYPE`,`IS_PART_PAYMENT`,`VERSION`,`UTILIZED_AMOUNT`,`IS_USED`,`DEPARTMENT_ID`) VALUES 
 (90,'Board Paper','New recruitment - IT','A','2021-09-03','B01-2021',450000.0000,10000.0000,'194910','2021-09-25 01:43:02','194910','2021-09-26 04:06:12','BOARD_PAPER','Y',30,440000.0000,'Y',611),
 (91,'HOD Approval','Staff travelling','I','2021-09-25','H256-2021',50000.0000,10000.0000,'194910','2021-09-25 01:43:47','194910','2021-09-25 22:53:48','HOD_APPROVAL','Y',15,40000.0000,'Y',611),
 (92,'HOD Approval','ISO training','A','2021-09-13','H2636968',40000.0000,40000.0000,'194910','2021-09-25 01:44:29','194910','2021-09-25 01:44:29','HOD_APPROVAL','N',0,0.0000,NULL,611),
 (93,'EOC','IT infrastructure','A','2021-08-01','EOC 12-2020',32000.0000,12000.0000,'194980','2021-09-25 01:46:49','194980','2021-09-26 03:36:41','EOC','Y',3,20000.0000,'Y',665),
 (94,'Board Paper','Accounts opening campaign','A','2021-07-01','B986',600000.0000,116000.0000,'194980','2021-09-25 01:47:23','194980','2021-09-26 02:59:35','BOARD_PAPER','Y',10,484000.0000,'Y',665);
INSERT INTO `approval_doc` (`APPROVAL_DOC_ID`,`DOC_NAME`,`DESCRIPTION`,`STATUS`,`APPROVED_DATE`,`REF_NUMBER`,`APPROVED_FULL_AMOUNT`,`BALANCE_AMOUNT`,`CREATED_BY`,`CREATED_DATE`,`LAST_UPDATED_BY`,`LAST_UPDATED_DATE`,`APPROVAL_TYPE`,`IS_PART_PAYMENT`,`VERSION`,`UTILIZED_AMOUNT`,`IS_USED`,`DEPARTMENT_ID`) VALUES 
 (95,'Board Paper','Marketing budget','A','2021-01-01','BD - 2021M ',3280000.0000,0.0000,'194990','2021-09-25 02:42:39','194990','2021-09-25 10:31:13','BOARD_PAPER','Y',9,3280000.0000,'Y',600),
 (96,'Board Paper','Budget Capital','A','2021-09-25','BD -45-2021C',4100000.0000,0.0000,'194990','2021-09-25 02:43:58','194990','2021-09-25 10:47:10','BOARD_PAPER','N',4,4100000.0000,'Y',600),
 (97,'EOC','Stationaries','A','2021-09-25','E2021 -259A',40000.0000,0.0000,'194990','2021-09-25 19:42:25','194990','2021-09-25 19:45:24','EOC','Y',2,40000.0000,'Y',600),
 (98,'Board Paper',' Retails budget ','A','2021-08-01','BD -2456 a',1400000.0000,0.0000,'194990','2021-09-25 20:01:37','194990','2021-09-26 00:06:54','BOARD_PAPER','Y',4,1400000.0000,'Y',600),
 (99,'HOD Approval','officer equipment','A','2021-09-25','H1455-2021',50000.0000,50000.0000,'194990','2021-09-25 20:07:47','194990','2021-09-25 20:07:47','HOD_APPROVAL','Y',0,0.0000,NULL,600);
INSERT INTO `approval_doc` (`APPROVAL_DOC_ID`,`DOC_NAME`,`DESCRIPTION`,`STATUS`,`APPROVED_DATE`,`REF_NUMBER`,`APPROVED_FULL_AMOUNT`,`BALANCE_AMOUNT`,`CREATED_BY`,`CREATED_DATE`,`LAST_UPDATED_BY`,`LAST_UPDATED_DATE`,`APPROVAL_TYPE`,`IS_PART_PAYMENT`,`VERSION`,`UTILIZED_AMOUNT`,`IS_USED`,`DEPARTMENT_ID`) VALUES 
 (100,'Board Paper','','A','2021-06-01','IT-B1456',4100000.0000,30000.0000,'194990','2021-09-26 00:06:40','194990','2021-09-26 04:46:26','BOARD_PAPER','Y',10,4070000.0000,'Y',600),
 (101,'EOC','Re-write finance projects','A','2021-09-26','E125863',3200000.0000,1950150.0000,'194910','2021-09-26 01:26:28','194910','2021-09-26 04:06:12','EOC','Y',3,1249850.0000,'Y',611),
 (102,'Board Paper','Meetings Hall','A','2021-09-26','B12356',125000.0000,125000.0000,'194910','2021-09-26 07:54:09','194910','2021-09-26 07:54:17','BOARD_PAPER','Y',1,0.0000,NULL,611),
 (103,'HOD Approval','New office recruitment','A','2021-09-09','H11235-2021',150000.0000,0.0000,'194970','2021-09-26 09:23:22','194970','2021-09-26 09:26:56','HOD_APPROVAL','Y',1,150000.0000,'Y',611);
/*!40000 ALTER TABLE `approval_doc` ENABLE KEYS */;


--
-- Table structure for table `finance_system`.`approval_workflow`
--

DROP TABLE IF EXISTS `approval_workflow`;
CREATE TABLE `approval_workflow` (
  `WORKFLOW_ID` int(11) NOT NULL AUTO_INCREMENT,
  `PR_ID` int(11) NOT NULL,
  `SEQUENCE_NO` int(11) NOT NULL,
  `USER_TYPE` varchar(100) NOT NULL DEFAULT '',
  `DEPARTMENT_ID` int(11) NOT NULL DEFAULT '0',
  `IS_COMPLETE` varchar(50) NOT NULL DEFAULT 'N',
  `IS_CANCELLED` varchar(50) NOT NULL DEFAULT 'N',
  `IS_DISCARD` varchar(50) NOT NULL DEFAULT 'N',
  `CREATED_DATE` datetime NOT NULL,
  `CREATED_USER` varchar(100) NOT NULL,
  `UPDATED_DATE` datetime DEFAULT NULL,
  `UPDATED_USER` varchar(100) DEFAULT NULL,
  PRIMARY KEY (`WORKFLOW_ID`),
  KEY `FK_approval_workflow_payment_request` (`PR_ID`),
  CONSTRAINT `FK_approval_workflow_payment_request` FOREIGN KEY (`PR_ID`) REFERENCES `payment_request` (`PR_ID`)
) ENGINE=InnoDB AUTO_INCREMENT=124 DEFAULT CHARSET=latin1;

--
-- Dumping data for table `finance_system`.`approval_workflow`
--

/*!40000 ALTER TABLE `approval_workflow` DISABLE KEYS */;
INSERT INTO `approval_workflow` (`WORKFLOW_ID`,`PR_ID`,`SEQUENCE_NO`,`USER_TYPE`,`DEPARTMENT_ID`,`IS_COMPLETE`,`IS_CANCELLED`,`IS_DISCARD`,`CREATED_DATE`,`CREATED_USER`,`UPDATED_DATE`,`UPDATED_USER`) VALUES 
 (69,20,1,'OFFICER_B',611,'Y','N','N','2021-09-25 12:33:10','194910','2021-09-25 15:25:53','194920'),
 (70,20,2,'OFFICER_A',611,'Y','N','N','2021-09-25 12:33:10','194910','2021-09-25 15:47:40','194930'),
 (71,20,3,'OFFICER_B',600,'Y','N','N','2021-09-25 12:33:10','194910','2021-09-25 15:48:48','194940'),
 (72,20,4,'OFFICER_A',600,'Y','N','N','2021-09-25 12:33:10','194910','2021-09-25 15:50:30','194950'),
 (73,21,1,'OFFICER_B',611,'Y','N','N','2021-09-25 17:56:37','194910','2021-09-25 18:51:18','194920'),
 (74,21,2,'OFFICER_A',611,'Y','N','N','2021-09-25 17:56:37','194910','2021-09-25 18:54:42','194930'),
 (75,21,3,'OFFICER_B',600,'Y','N','N','2021-09-25 17:56:37','194910','2021-09-25 18:55:59','194940'),
 (76,21,4,'OFFICER_A',600,'Y','N','N','2021-09-25 17:56:37','194910','2021-09-25 18:56:31','194950'),
 (77,22,1,'OFFICER_B',600,'Y','N','N','2021-09-25 19:53:56','194990','2021-09-25 19:57:00','194940');
INSERT INTO `approval_workflow` (`WORKFLOW_ID`,`PR_ID`,`SEQUENCE_NO`,`USER_TYPE`,`DEPARTMENT_ID`,`IS_COMPLETE`,`IS_CANCELLED`,`IS_DISCARD`,`CREATED_DATE`,`CREATED_USER`,`UPDATED_DATE`,`UPDATED_USER`) VALUES 
 (78,22,2,'OFFICER_A',600,'Y','N','N','2021-09-25 19:53:56','194990','2021-09-25 19:57:33','194950'),
 (79,23,1,'OFFICER_B',665,'Y','N','N','2021-09-25 21:34:44','194980','2021-09-25 21:43:07','194830'),
 (80,23,2,'OFFICER_A',665,'Y','N','N','2021-09-25 21:34:44','194980','2021-09-25 21:44:04','194820'),
 (81,23,3,'OFFICER_B',600,'Y','N','N','2021-09-25 21:34:44','194980','2021-09-25 21:44:32','194940'),
 (82,23,4,'OFFICER_A',600,'Y','N','N','2021-09-25 21:34:44','194980','2021-09-25 21:45:00','194950'),
 (83,24,1,'OFFICER_B',611,'Y','N','N','2021-09-25 23:00:32','194910','2021-09-26 01:40:30','194920'),
 (84,24,2,'OFFICER_A',611,'Y','N','N','2021-09-25 23:00:32','194910','2021-09-26 01:41:24','194930'),
 (85,24,3,'OFFICER_B',600,'N','N','N','2021-09-25 23:00:32','194910',NULL,NULL),
 (86,24,4,'OFFICER_A',600,'N','N','N','2021-09-25 23:00:32','194910',NULL,NULL);
INSERT INTO `approval_workflow` (`WORKFLOW_ID`,`PR_ID`,`SEQUENCE_NO`,`USER_TYPE`,`DEPARTMENT_ID`,`IS_COMPLETE`,`IS_CANCELLED`,`IS_DISCARD`,`CREATED_DATE`,`CREATED_USER`,`UPDATED_DATE`,`UPDATED_USER`) VALUES 
 (87,26,1,'OFFICER_B',665,'Y','N','N','2021-09-25 23:47:13','194980','2021-09-25 23:47:59','194830'),
 (88,26,2,'OFFICER_A',665,'Y','N','N','2021-09-25 23:47:13','194980','2021-09-25 23:48:28','194820'),
 (89,26,3,'OFFICER_B',600,'Y','N','N','2021-09-25 23:47:13','194980','2021-09-25 23:49:34','194940'),
 (90,26,4,'OFFICER_A',600,'Y','N','N','2021-09-25 23:47:13','194980','2021-09-25 23:49:57','194950'),
 (91,27,1,'OFFICER_B',611,'Y','N','N','2021-09-26 01:33:19','194910','2021-09-26 04:30:58','194920'),
 (92,27,2,'OFFICER_A',611,'Y','N','N','2021-09-26 01:33:19','194910','2021-09-26 04:31:59','194930'),
 (93,27,3,'OFFICER_B',600,'N','N','N','2021-09-26 01:33:19','194910',NULL,NULL),
 (94,27,4,'OFFICER_A',600,'N','N','N','2021-09-26 01:33:19','194910',NULL,NULL),
 (95,27,5,'SUPER_USER',600,'N','N','N','2021-09-26 01:33:19','194910',NULL,NULL),
 (96,28,1,'OFFICER_B',665,'Y','N','Y','2021-09-26 01:58:08','194980','2021-09-26 07:27:50','194830');
INSERT INTO `approval_workflow` (`WORKFLOW_ID`,`PR_ID`,`SEQUENCE_NO`,`USER_TYPE`,`DEPARTMENT_ID`,`IS_COMPLETE`,`IS_CANCELLED`,`IS_DISCARD`,`CREATED_DATE`,`CREATED_USER`,`UPDATED_DATE`,`UPDATED_USER`) VALUES 
 (97,28,2,'OFFICER_A',665,'N','N','Y','2021-09-26 01:58:08','194980','2021-09-26 07:27:50','194830'),
 (98,28,3,'OFFICER_B',600,'N','N','Y','2021-09-26 01:58:08','194980','2021-09-26 07:27:50','194830'),
 (99,28,4,'OFFICER_A',600,'N','N','Y','2021-09-26 01:58:08','194980','2021-09-26 07:27:50','194830'),
 (100,29,1,'OFFICER_B',665,'Y','N','Y','2021-09-26 02:02:44','194980','2021-09-26 02:03:55','194830'),
 (101,29,2,'OFFICER_A',665,'N','N','Y','2021-09-26 02:02:44','194980','2021-09-26 02:03:55','194830'),
 (102,29,3,'OFFICER_B',600,'N','N','Y','2021-09-26 02:02:44','194980','2021-09-26 02:03:55','194830'),
 (103,29,4,'OFFICER_A',600,'N','N','Y','2021-09-26 02:02:44','194980','2021-09-26 02:03:55','194830'),
 (104,32,1,'OFFICER_B',611,'N','N','N','2021-09-26 02:45:45','194910',NULL,NULL),
 (105,32,2,'OFFICER_A',611,'N','N','N','2021-09-26 02:45:45','194910',NULL,NULL);
INSERT INTO `approval_workflow` (`WORKFLOW_ID`,`PR_ID`,`SEQUENCE_NO`,`USER_TYPE`,`DEPARTMENT_ID`,`IS_COMPLETE`,`IS_CANCELLED`,`IS_DISCARD`,`CREATED_DATE`,`CREATED_USER`,`UPDATED_DATE`,`UPDATED_USER`) VALUES 
 (106,32,3,'OFFICER_B',600,'N','N','N','2021-09-26 02:45:45','194910',NULL,NULL),
 (107,32,4,'OFFICER_A',600,'N','N','N','2021-09-26 02:45:45','194910',NULL,NULL),
 (108,34,1,'OFFICER_B',665,'N','N','N','2021-09-26 03:03:10','194980',NULL,NULL),
 (109,34,2,'OFFICER_A',665,'N','N','N','2021-09-26 03:03:10','194980',NULL,NULL),
 (110,34,3,'OFFICER_B',600,'N','N','N','2021-09-26 03:03:10','194980',NULL,NULL),
 (111,34,4,'OFFICER_A',600,'N','N','N','2021-09-26 03:03:10','194980',NULL,NULL),
 (112,28,1,'OFFICER_B',665,'Y','N','N','2021-09-26 07:29:23','194980','2021-09-26 07:30:36','194830'),
 (113,28,2,'OFFICER_A',665,'Y','N','N','2021-09-26 07:29:23','194980','2021-09-26 07:31:31','194840'),
 (114,28,3,'OFFICER_B',600,'Y','N','N','2021-09-26 07:29:23','194980','2021-09-26 07:32:11','194940'),
 (115,28,4,'OFFICER_A',600,'Y','N','N','2021-09-26 07:29:23','194980','2021-09-26 07:32:40','194950');
INSERT INTO `approval_workflow` (`WORKFLOW_ID`,`PR_ID`,`SEQUENCE_NO`,`USER_TYPE`,`DEPARTMENT_ID`,`IS_COMPLETE`,`IS_CANCELLED`,`IS_DISCARD`,`CREATED_DATE`,`CREATED_USER`,`UPDATED_DATE`,`UPDATED_USER`) VALUES 
 (116,38,1,'OFFICER_B',611,'Y','N','N','2021-09-26 07:45:36','194910','2021-09-26 07:46:47','194920'),
 (117,38,2,'OFFICER_A',611,'Y','N','N','2021-09-26 07:45:36','194910','2021-09-26 07:47:33','194930'),
 (118,38,3,'OFFICER_B',600,'Y','N','N','2021-09-26 07:45:36','194910','2021-09-26 07:48:17','194940'),
 (119,38,4,'OFFICER_A',600,'Y','N','N','2021-09-26 07:45:36','194910','2021-09-26 07:48:52','194950'),
 (120,39,1,'OFFICER_B',611,'Y','N','Y','2021-09-26 09:33:09','194970','2021-09-26 09:34:44','194920'),
 (121,39,2,'OFFICER_A',611,'N','N','Y','2021-09-26 09:33:09','194970','2021-09-26 09:34:44','194920'),
 (122,39,3,'OFFICER_B',600,'N','N','Y','2021-09-26 09:33:09','194970','2021-09-26 09:34:44','194920'),
 (123,39,4,'OFFICER_A',600,'N','N','Y','2021-09-26 09:33:09','194970','2021-09-26 09:34:44','194920');
/*!40000 ALTER TABLE `approval_workflow` ENABLE KEYS */;


--
-- Table structure for table `finance_system`.`budget`
--

DROP TABLE IF EXISTS `budget`;
CREATE TABLE `budget` (
  `BUDGET_ID` int(11) NOT NULL AUTO_INCREMENT,
  `BUDGET_TYPE` varchar(50) NOT NULL,
  `ACTION_ID` int(11) DEFAULT NULL,
  `BUDGET_CODE_ID` int(11) DEFAULT NULL,
  `DESCRIPTION` varchar(200) DEFAULT NULL,
  `APPROVAL_TYPE` varchar(50) DEFAULT NULL,
  `YEAR` varchar(20) DEFAULT NULL,
  `ALLOCATED_AMOUNT` double(16,4) DEFAULT NULL,
  `BALANCE_AMOUNT` double(16,4) DEFAULT NULL,
  `REMARK` varchar(200) DEFAULT NULL,
  `STATUS` char(1) DEFAULT 'A',
  `CREATED_BY` varchar(100) NOT NULL,
  `CREATED_DATE` datetime NOT NULL,
  `LAST_UPDATED_BY` varchar(100) NOT NULL,
  `LAST_UPDATED_DATE` datetime NOT NULL,
  `APPROVAL_DOC_ID` int(11) DEFAULT NULL,
  `UTILIZED_AMT` double DEFAULT '0',
  `VERSION` int(11) DEFAULT NULL,
  PRIMARY KEY (`BUDGET_ID`),
  UNIQUE KEY `Index 1` (`BUDGET_TYPE`,`ACTION_ID`,`BUDGET_CODE_ID`,`YEAR`) USING BTREE,
  KEY `FK_budget_budget_code` (`BUDGET_CODE_ID`),
  KEY `FK_budget_action_code` (`ACTION_ID`),
  KEY `FK_budget_approval_doc_2` (`APPROVAL_DOC_ID`),
  CONSTRAINT `FK_budget_action_code` FOREIGN KEY (`ACTION_ID`) REFERENCES `action_code` (`ACTION_ID`),
  CONSTRAINT `FK_budget_approval_doc` FOREIGN KEY (`APPROVAL_DOC_ID`) REFERENCES `approval_doc` (`APPROVAL_DOC_ID`),
  CONSTRAINT `FK_budget_budget_code` FOREIGN KEY (`BUDGET_CODE_ID`) REFERENCES `budget_code` (`BUDGET_CODE_ID`)
) ENGINE=InnoDB AUTO_INCREMENT=45 DEFAULT CHARSET=latin1;

--
-- Dumping data for table `finance_system`.`budget`
--

/*!40000 ALTER TABLE `budget` DISABLE KEYS */;
INSERT INTO `budget` (`BUDGET_ID`,`BUDGET_TYPE`,`ACTION_ID`,`BUDGET_CODE_ID`,`DESCRIPTION`,`APPROVAL_TYPE`,`YEAR`,`ALLOCATED_AMOUNT`,`BALANCE_AMOUNT`,`REMARK`,`STATUS`,`CREATED_BY`,`CREATED_DATE`,`LAST_UPDATED_BY`,`LAST_UPDATED_DATE`,`APPROVAL_DOC_ID`,`UTILIZED_AMT`,`VERSION`) VALUES 
 (33,'MARKETING_EXPENSES',12,13,'isuru udana 2021','BOARD_PAPER','2021',3000000.0000,2783800.0000,'','A','194810','2021-09-25 10:46:08','194970','2021-09-26 09:32:48',95,216200,9),
 (34,'IT_EXPENSES',18,18,'2021 IT systems - enhancement','BOARD_PAPER','2021',4100000.0000,3863100.0000,'','A','194810','2021-09-25 17:04:18','194910','2021-09-25 23:00:26',96,236900,8),
 (35,'CAPITAL_EXPENSES',19,15,'capital 2021 - office','EOC','2021',30000.0000,19200.0000,'','A','194810','2021-09-25 19:47:50','194910','2021-09-26 07:45:24',97,10800,1),
 (36,'CAPITAL_EXPENSES',20,16,'staff - new branches expenses','BOARD_PAPER','2021',200000.0000,18852.2500,'','A','194810','2021-09-25 19:49:30','194910','2021-09-26 04:16:43',95,181147.75,4),
 (37,'RETAIL_BANKING_EXPENSES',21,12,'2020 accounts gift ','BOARD_PAPER','2020',1000000.0000,724300.0000,'','A','194810','2021-09-25 20:03:30','194980','2021-09-26 03:03:05',98,275700,4);
INSERT INTO `budget` (`BUDGET_ID`,`BUDGET_TYPE`,`ACTION_ID`,`BUDGET_CODE_ID`,`DESCRIPTION`,`APPROVAL_TYPE`,`YEAR`,`ALLOCATED_AMOUNT`,`BALANCE_AMOUNT`,`REMARK`,`STATUS`,`CREATED_BY`,`CREATED_DATE`,`LAST_UPDATED_BY`,`LAST_UPDATED_DATE`,`APPROVAL_DOC_ID`,`UTILIZED_AMT`,`VERSION`) VALUES 
 (38,'RETAIL_BANKING_EXPENSES',21,12,'Account campaign','BOARD_PAPER','2021',80000.0000,16000.0000,'','A','194810','2021-09-25 23:45:13','194980','2021-09-26 03:33:17',95,64000,2),
 (39,'IT_EXPENSES',18,17,'IT new servers','BOARD_PAPER','2021',2000000.0000,660800.0000,'','A','194810','2021-09-26 00:08:12','194910','2021-09-26 02:28:48',100,1339200,3),
 (42,'IT_EXPENSES',18,17,'new infrastures','BOARD_PAPER','2022',2000000.0000,2000000.0000,'','A','194810','2021-09-26 00:15:44','194810','2021-09-26 00:15:44',100,0,0),
 (43,'CAPITAL_EXPENSES',19,20,'Rentals','BOARD_PAPER','2021',300000.0000,224400.0000,'','A','194810','2021-09-26 04:50:52','194990','2021-09-26 04:53:03',98,75600,1),
 (44,'CAPITAL_EXPENSES',19,20,'building','BOARD_PAPER','2019',100000.0000,100000.0000,'','A','194810','2021-09-26 09:17:49','194810','2021-09-26 09:17:49',98,0,0);
/*!40000 ALTER TABLE `budget` ENABLE KEYS */;


--
-- Table structure for table `finance_system`.`budget_code`
--

DROP TABLE IF EXISTS `budget_code`;
CREATE TABLE `budget_code` (
  `BUDGET_CODE_ID` int(11) NOT NULL AUTO_INCREMENT,
  `BUDGET_CODE` varchar(20) DEFAULT NULL,
  `STATUS` char(1) DEFAULT 'A',
  `CREATED_BY` varchar(100) NOT NULL,
  `CREATED_DATE` datetime NOT NULL,
  `LAST_UPDATED_BY` varchar(100) NOT NULL,
  `LAST_UPDATED_DATE` datetime NOT NULL,
  `DESCRIPTION` varchar(200) DEFAULT NULL,
  `ACTION_ID` int(11) DEFAULT NULL,
  `BUDGET_TYPE` varchar(50) DEFAULT NULL,
  `VERSION` int(11) DEFAULT NULL,
  PRIMARY KEY (`BUDGET_CODE_ID`),
  KEY `FK_budget_code_action_code` (`ACTION_ID`),
  CONSTRAINT `FK_budget_code_action_code` FOREIGN KEY (`ACTION_ID`) REFERENCES `action_code` (`ACTION_ID`)
) ENGINE=InnoDB AUTO_INCREMENT=22 DEFAULT CHARSET=latin1;

--
-- Dumping data for table `finance_system`.`budget_code`
--

/*!40000 ALTER TABLE `budget_code` DISABLE KEYS */;
INSERT INTO `budget_code` (`BUDGET_CODE_ID`,`BUDGET_CODE`,`STATUS`,`CREATED_BY`,`CREATED_DATE`,`LAST_UPDATED_BY`,`LAST_UPDATED_DATE`,`DESCRIPTION`,`ACTION_ID`,`BUDGET_TYPE`,`VERSION`) VALUES 
 (12,'1-A&B','A','194910','2021-09-25 02:19:25','194910','2021-09-25 02:19:25','Isuru udana gift',21,'RETAIL_BANKING_EXPENSES',0),
 (13,'1.001','A','194910','2021-09-25 02:20:09','194910','2021-09-25 02:20:09','Isuru Udana Brand Awareness',12,'MARKETING_EXPENSES',0),
 (14,'1.001','A','194910','2021-09-25 02:20:57','194910','2021-09-25 02:20:57','TV advertsing',13,'MARKETING_EXPENSES',0),
 (15,'1.001','A','194910','2021-09-25 02:21:51','194910','2021-09-25 14:43:36','New purchasing',19,'CAPITAL_EXPENSES',1),
 (16,'1.001','A','194910','2021-09-25 02:22:35','194910','2021-09-25 02:22:35','staff cost',20,'CAPITAL_EXPENSES',0),
 (17,'1.001','A','194910','2021-09-25 02:23:22','194910','2021-09-25 02:23:22','Infrastructure',18,'IT_EXPENSES',0),
 (18,'1.002','A','194810','2021-09-25 16:58:57','194810','2021-09-25 16:59:16','Compliance & Control ',18,'IT_EXPENSES',1),
 (19,'1.001','A','194810','2021-09-26 00:09:25','194810','2021-09-26 00:09:25','New Solutions',17,'IT_EXPENSES',0);
INSERT INTO `budget_code` (`BUDGET_CODE_ID`,`BUDGET_CODE`,`STATUS`,`CREATED_BY`,`CREATED_DATE`,`LAST_UPDATED_BY`,`LAST_UPDATED_DATE`,`DESCRIPTION`,`ACTION_ID`,`BUDGET_TYPE`,`VERSION`) VALUES 
 (20,'2.001','A','194810','2021-09-26 04:49:24','194810','2021-09-26 04:50:01','Rental and support service',19,'CAPITAL_EXPENSES',1),
 (21,'1.1','A','194810','2021-09-26 09:16:18','194810','2021-09-26 09:16:18','Rentals',19,'CAPITAL_EXPENSES',0);
/*!40000 ALTER TABLE `budget_code` ENABLE KEYS */;


--
-- Table structure for table `finance_system`.`core_accounts`
--

DROP TABLE IF EXISTS `core_accounts`;
CREATE TABLE `core_accounts` (
  `account_no` varchar(50) DEFAULT NULL
) ENGINE=InnoDB DEFAULT CHARSET=latin1;

--
-- Dumping data for table `finance_system`.`core_accounts`
--

/*!40000 ALTER TABLE `core_accounts` DISABLE KEYS */;
INSERT INTO `core_accounts` (`account_no`) VALUES 
 ('253456'),
 ('123456');
/*!40000 ALTER TABLE `core_accounts` ENABLE KEYS */;


--
-- Table structure for table `finance_system`.`document_upload`
--

DROP TABLE IF EXISTS `document_upload`;
CREATE TABLE `document_upload` (
  `DOC_UPLOAD_ID` int(11) NOT NULL AUTO_INCREMENT,
  `SOURCE_DOC_ID` int(11) DEFAULT NULL,
  `PR_ID` int(11) DEFAULT NULL,
  `ATTACHMENT_TYPE` varchar(100) NOT NULL COMMENT 'PR or SOURCE_DOC',
  `SEQUENCE_NO` int(11) DEFAULT NULL,
  `REFERENCE_NO` varchar(200) DEFAULT NULL,
  `DOC_PATH` varchar(500) DEFAULT NULL,
  `FILE_SIZE` varchar(100) DEFAULT NULL,
  `FILE_NAME` varchar(200) DEFAULT NULL,
  `RENAME_FILE_NAME` varchar(300) DEFAULT NULL,
  `CONTENT_TYPE` varchar(20) DEFAULT NULL,
  `DEPARTMENT_ID` int(11) DEFAULT NULL,
  `CREATED_BY` varchar(100) NOT NULL,
  `CREATED_DATE` datetime DEFAULT NULL,
  `VERSION` int(11) DEFAULT NULL,
  `TEMP_DOC_PATH` varchar(500) DEFAULT NULL,
  PRIMARY KEY (`DOC_UPLOAD_ID`),
  KEY `FK_document_upload_source_document_header` (`SOURCE_DOC_ID`),
  KEY `FK_document_upload_payment_request` (`PR_ID`),
  CONSTRAINT `FK_document_upload_payment_request` FOREIGN KEY (`PR_ID`) REFERENCES `payment_request` (`PR_ID`),
  CONSTRAINT `FK_document_upload_source_document_header` FOREIGN KEY (`SOURCE_DOC_ID`) REFERENCES `source_document_header` (`SOURCE_DOC_ID`) ON DELETE CASCADE
) ENGINE=InnoDB AUTO_INCREMENT=39 DEFAULT CHARSET=latin1;

--
-- Dumping data for table `finance_system`.`document_upload`
--

/*!40000 ALTER TABLE `document_upload` DISABLE KEYS */;
INSERT INTO `document_upload` (`DOC_UPLOAD_ID`,`SOURCE_DOC_ID`,`PR_ID`,`ATTACHMENT_TYPE`,`SEQUENCE_NO`,`REFERENCE_NO`,`DOC_PATH`,`FILE_SIZE`,`FILE_NAME`,`RENAME_FILE_NAME`,`CONTENT_TYPE`,`DEPARTMENT_ID`,`CREATED_BY`,`CREATED_DATE`,`VERSION`,`TEMP_DOC_PATH`) VALUES 
 (6,78,NULL,'SOURCE_DOC',1,'IN0925','D:\\eclipse_workspace\\pr_attachments\\upload files\\IN092520210925094117.pdf',NULL,'IN0925.pdf','IN092520210925094117.pdf',NULL,611,'194910','2021-09-25 09:41:23',0,'D:\\eclipse_workspace\\pr_attachments\\temp files\\IN092520210925094117.pdf'),
 (7,79,NULL,'SOURCE_DOC',1,'IN562','D:\\eclipse_workspace\\pr_attachments\\upload files\\Inv 56220210925041715.png',NULL,'Inv 562.png','Inv 56220210925041715.png',NULL,611,'194910','2021-09-25 16:17:15',0,'D:\\eclipse_workspace\\pr_attachments\\temp files\\Inv 56220210925041715.png'),
 (8,79,NULL,'SOURCE_DOC',1,'IN562','D:\\eclipse_workspace\\pr_attachments\\upload files\\Inv 56220210925041715.png',NULL,NULL,'Inv 56220210925041715.png',NULL,611,'194910','2021-09-25 16:17:50',0,'D:\\eclipse_workspace\\pr_attachments\\temp files\\Inv 56220210925041715.png'),
 (9,79,NULL,'SOURCE_DOC',1,'IN562','D:\\eclipse_workspace\\pr_attachments\\upload files\\Inv 56220210925041715.png',NULL,NULL,'Inv 56220210925041715.png',NULL,611,'194910','2021-09-25 16:18:00',0,'D:\\eclipse_workspace\\pr_attachments\\temp files\\Inv 56220210925041715.png');
INSERT INTO `document_upload` (`DOC_UPLOAD_ID`,`SOURCE_DOC_ID`,`PR_ID`,`ATTACHMENT_TYPE`,`SEQUENCE_NO`,`REFERENCE_NO`,`DOC_PATH`,`FILE_SIZE`,`FILE_NAME`,`RENAME_FILE_NAME`,`CONTENT_TYPE`,`DEPARTMENT_ID`,`CREATED_BY`,`CREATED_DATE`,`VERSION`,`TEMP_DOC_PATH`) VALUES 
 (10,79,NULL,'SOURCE_DOC',1,'IN562','D:\\eclipse_workspace\\pr_attachments\\upload files\\Inv 56220210925041715.png',NULL,NULL,'Inv 56220210925041715.png',NULL,611,'194910','2021-09-25 16:18:13',0,'D:\\eclipse_workspace\\pr_attachments\\temp files\\Inv 56220210925041715.png'),
 (11,79,NULL,'SOURCE_DOC',1,'IN562','D:\\eclipse_workspace\\pr_attachments\\upload files\\Inv 56220210925041715.png',NULL,NULL,'Inv 56220210925041715.png',NULL,611,'194910','2021-09-25 16:18:26',0,'D:\\eclipse_workspace\\pr_attachments\\temp files\\Inv 56220210925041715.png'),
 (12,79,NULL,'SOURCE_DOC',1,'IN562','D:\\eclipse_workspace\\pr_attachments\\upload files\\Inv 56220210925041715.png',NULL,NULL,'Inv 56220210925041715.png',NULL,611,'194910','2021-09-25 16:20:38',0,'D:\\eclipse_workspace\\pr_attachments\\temp files\\Inv 56220210925041715.png'),
 (13,79,NULL,'SOURCE_DOC',1,'IN562','D:\\eclipse_workspace\\pr_attachments\\upload files\\Inv 56220210925041715.png',NULL,NULL,'Inv 56220210925041715.png',NULL,611,'194910','2021-09-25 16:21:05',0,'D:\\eclipse_workspace\\pr_attachments\\temp files\\Inv 56220210925041715.png');
INSERT INTO `document_upload` (`DOC_UPLOAD_ID`,`SOURCE_DOC_ID`,`PR_ID`,`ATTACHMENT_TYPE`,`SEQUENCE_NO`,`REFERENCE_NO`,`DOC_PATH`,`FILE_SIZE`,`FILE_NAME`,`RENAME_FILE_NAME`,`CONTENT_TYPE`,`DEPARTMENT_ID`,`CREATED_BY`,`CREATED_DATE`,`VERSION`,`TEMP_DOC_PATH`) VALUES 
 (14,81,NULL,'SOURCE_DOC',1,'IN 202996','D:\\eclipse_workspace\\pr_attachments\\upload files\\INV 20299620210925074524.png',NULL,'INV 202996.png','INV 20299620210925074524.png',NULL,600,'194990','2021-09-25 19:45:24',0,'D:\\eclipse_workspace\\pr_attachments\\temp files\\INV 20299620210925074524.png'),
 (15,87,NULL,'SOURCE_DOC',1,'15893','D:\\eclipse_workspace\\pr_attachments\\upload files\\inv20210925114022.png',NULL,NULL,'inv20210925114022.png',NULL,665,'194980','2021-09-25 23:42:57',0,'D:\\eclipse_workspace\\pr_attachments\\temp files\\inv20210925114022.png'),
 (16,88,NULL,'SOURCE_DOC',1,'H1465-10','D:\\eclipse_workspace\\pr_attachments\\upload files\\299op20210926123726.png',NULL,'299op.png','299op20210926123726.png',NULL,611,'194910','2021-09-26 00:37:26',0,'D:\\eclipse_workspace\\pr_attachments\\temp files\\299op20210926123726.png'),
 (17,88,NULL,'SOURCE_DOC',1,'H1465-10','D:\\eclipse_workspace\\pr_attachments\\upload files\\299op20210926123726.png',NULL,NULL,'299op20210926123726.png',NULL,611,'194910','2021-09-26 00:39:57',0,'D:\\eclipse_workspace\\pr_attachments\\temp files\\299op20210926123726.png');
INSERT INTO `document_upload` (`DOC_UPLOAD_ID`,`SOURCE_DOC_ID`,`PR_ID`,`ATTACHMENT_TYPE`,`SEQUENCE_NO`,`REFERENCE_NO`,`DOC_PATH`,`FILE_SIZE`,`FILE_NAME`,`RENAME_FILE_NAME`,`CONTENT_TYPE`,`DEPARTMENT_ID`,`CREATED_BY`,`CREATED_DATE`,`VERSION`,`TEMP_DOC_PATH`) VALUES 
 (18,88,NULL,'SOURCE_DOC',1,'H1465-10','D:\\eclipse_workspace\\pr_attachments\\upload files\\299op20210926123726.png',NULL,NULL,'299op20210926123726.png',NULL,611,'194910','2021-09-26 00:40:22',0,'D:\\eclipse_workspace\\pr_attachments\\temp files\\299op20210926123726.png'),
 (19,88,NULL,'SOURCE_DOC',1,'H1465-10','D:\\eclipse_workspace\\pr_attachments\\upload files\\299op20210926123726.png',NULL,NULL,'299op20210926123726.png',NULL,611,'194910','2021-09-26 00:42:52',0,'D:\\eclipse_workspace\\pr_attachments\\temp files\\299op20210926123726.png'),
 (20,89,NULL,'SOURCE_DOC',1,'P256-20219','D:\\eclipse_workspace\\pr_attachments\\upload files\\2458pp20210926124422.pdf',NULL,NULL,'2458pp20210926124422.pdf',NULL,611,'194910','2021-09-26 00:46:07',0,'D:\\eclipse_workspace\\pr_attachments\\temp files\\2458pp20210926124422.pdf'),
 (21,89,NULL,'SOURCE_DOC',1,'P256-20219','D:\\eclipse_workspace\\pr_attachments\\upload files\\2458pp20210926124621.pdf',NULL,'2458pp.pdf','2458pp20210926124621.pdf',NULL,611,'194910','2021-09-26 00:46:21',0,'D:\\eclipse_workspace\\pr_attachments\\temp files\\2458pp20210926124621.pdf');
INSERT INTO `document_upload` (`DOC_UPLOAD_ID`,`SOURCE_DOC_ID`,`PR_ID`,`ATTACHMENT_TYPE`,`SEQUENCE_NO`,`REFERENCE_NO`,`DOC_PATH`,`FILE_SIZE`,`FILE_NAME`,`RENAME_FILE_NAME`,`CONTENT_TYPE`,`DEPARTMENT_ID`,`CREATED_BY`,`CREATED_DATE`,`VERSION`,`TEMP_DOC_PATH`) VALUES 
 (22,89,NULL,'SOURCE_DOC',1,'P256-20219','D:\\eclipse_workspace\\pr_attachments\\upload files\\299op20210926124829.png',NULL,'299op.png','299op20210926124829.png',NULL,611,'194910','2021-09-26 00:48:29',0,'D:\\eclipse_workspace\\pr_attachments\\temp files\\299op20210926124829.png'),
 (23,89,NULL,'SOURCE_DOC',1,'P256-20219','D:\\eclipse_workspace\\pr_attachments\\upload files\\2458pp20210926125105.pdf',NULL,'2458pp.pdf','2458pp20210926125105.pdf',NULL,611,'194910','2021-09-26 00:51:07',0,'D:\\eclipse_workspace\\pr_attachments\\temp files\\2458pp20210926125105.pdf'),
 (24,89,NULL,'SOURCE_DOC',1,'P256-20219','D:\\eclipse_workspace\\pr_attachments\\upload files\\2458pp20210926125303.pdf',NULL,'2458pp.pdf','2458pp20210926125303.pdf',NULL,611,'194910','2021-09-26 00:53:23',0,'D:\\eclipse_workspace\\pr_attachments\\temp files\\2458pp20210926125303.pdf'),
 (25,89,NULL,'SOURCE_DOC',1,'P256-20219','D:\\eclipse_workspace\\pr_attachments\\upload files\\2458pp20210926010939.pdf',NULL,'2458pp.pdf','2458pp20210926010939.pdf',NULL,611,'194910','2021-09-26 01:09:39',0,'D:\\eclipse_workspace\\pr_attachments\\temp files\\2458pp20210926010939.pdf');
INSERT INTO `document_upload` (`DOC_UPLOAD_ID`,`SOURCE_DOC_ID`,`PR_ID`,`ATTACHMENT_TYPE`,`SEQUENCE_NO`,`REFERENCE_NO`,`DOC_PATH`,`FILE_SIZE`,`FILE_NAME`,`RENAME_FILE_NAME`,`CONTENT_TYPE`,`DEPARTMENT_ID`,`CREATED_BY`,`CREATED_DATE`,`VERSION`,`TEMP_DOC_PATH`) VALUES 
 (26,89,NULL,'SOURCE_DOC',1,'P256-20219','D:\\eclipse_workspace\\pr_attachments\\upload files\\2458pp20210926011012.pdf',NULL,'2458pp.pdf','2458pp20210926011012.pdf',NULL,611,'194910','2021-09-26 01:10:40',0,'D:\\eclipse_workspace\\pr_attachments\\temp files\\2458pp20210926011012.pdf'),
 (28,91,NULL,'SOURCE_DOC',1,'4789','D:\\eclipse_workspace\\pr_attachments\\upload files\\2458pp20210926011325.pdf',NULL,NULL,'2458pp20210926011325.pdf',NULL,611,'194910','2021-09-26 01:14:14',0,'D:\\eclipse_workspace\\pr_attachments\\temp files\\2458pp20210926011325.pdf'),
 (29,91,NULL,'SOURCE_DOC',1,'4789','D:\\eclipse_workspace\\pr_attachments\\upload files\\1289620210926011903.pdf',NULL,'12896.pdf','1289620210926011903.pdf',NULL,611,'194910','2021-09-26 01:19:03',0,'D:\\eclipse_workspace\\pr_attachments\\temp files\\1289620210926011903.pdf'),
 (30,92,NULL,'SOURCE_DOC',1,'1865','D:\\eclipse_workspace\\pr_attachments\\upload files\\1289620210926012021.pdf',NULL,'12896.pdf','1289620210926012021.pdf',NULL,611,'194910','2021-09-26 01:20:21',0,'D:\\eclipse_workspace\\pr_attachments\\temp files\\1289620210926012021.pdf');
INSERT INTO `document_upload` (`DOC_UPLOAD_ID`,`SOURCE_DOC_ID`,`PR_ID`,`ATTACHMENT_TYPE`,`SEQUENCE_NO`,`REFERENCE_NO`,`DOC_PATH`,`FILE_SIZE`,`FILE_NAME`,`RENAME_FILE_NAME`,`CONTENT_TYPE`,`DEPARTMENT_ID`,`CREATED_BY`,`CREATED_DATE`,`VERSION`,`TEMP_DOC_PATH`) VALUES 
 (31,93,NULL,'SOURCE_DOC',1,'14589','D:\\eclipse_workspace\\pr_attachments\\upload files\\ab1420210926012800.png',NULL,'ab14.png','ab1420210926012800.png',NULL,611,'194910','2021-09-26 01:28:00',0,'D:\\eclipse_workspace\\pr_attachments\\temp files\\ab1420210926012800.png'),
 (32,94,NULL,'SOURCE_DOC',1,'14859','D:\\eclipse_workspace\\pr_attachments\\upload files\\INV 201-2836120210926014535.png',NULL,'INV 201-28361.png','INV 201-2836120210926014535.png',NULL,665,'194980','2021-09-26 01:45:35',0,'D:\\eclipse_workspace\\pr_attachments\\temp files\\INV 201-2836120210926014535.png'),
 (33,96,NULL,'SOURCE_DOC',1,'14799kl','D:\\eclipse_workspace\\pr_attachments\\upload files\\2369-920210926020051.png',NULL,'2369-9.png','2369-920210926020051.png',NULL,665,'194980','2021-09-26 02:00:51',0,'D:\\eclipse_workspace\\pr_attachments\\temp files\\2369-920210926020051.png'),
 (34,98,NULL,'SOURCE_DOC',1,'147896','D:\\eclipse_workspace\\pr_attachments\\upload files\\ab1420210926021812.png',NULL,'ab14.png','ab1420210926021812.png',NULL,611,'194910','2021-09-26 02:18:12',0,'D:\\eclipse_workspace\\pr_attachments\\temp files\\ab1420210926021812.png');
INSERT INTO `document_upload` (`DOC_UPLOAD_ID`,`SOURCE_DOC_ID`,`PR_ID`,`ATTACHMENT_TYPE`,`SEQUENCE_NO`,`REFERENCE_NO`,`DOC_PATH`,`FILE_SIZE`,`FILE_NAME`,`RENAME_FILE_NAME`,`CONTENT_TYPE`,`DEPARTMENT_ID`,`CREATED_BY`,`CREATED_DATE`,`VERSION`,`TEMP_DOC_PATH`) VALUES 
 (35,101,NULL,'SOURCE_DOC',1,'125863-AD','D:\\eclipse_workspace\\pr_attachments\\upload files\\1289620210926044218.pdf',NULL,'12896.pdf','1289620210926044218.pdf',NULL,600,'194990','2021-09-26 04:42:18',0,'D:\\eclipse_workspace\\pr_attachments\\temp files\\1289620210926044218.pdf'),
 (36,101,NULL,'SOURCE_DOC',1,'125863-AD','D:\\eclipse_workspace\\pr_attachments\\upload files\\ab1420210926044323.png',NULL,'ab14.png','ab1420210926044323.png',NULL,600,'194990','2021-09-26 04:43:23',0,'D:\\eclipse_workspace\\pr_attachments\\temp files\\ab1420210926044323.png'),
 (37,101,NULL,'SOURCE_DOC',1,'125863-AD','D:\\eclipse_workspace\\pr_attachments\\upload files\\ab1420210926044616.png',NULL,'ab14.png','ab1420210926044616.png',NULL,600,'194990','2021-09-26 04:46:16',0,'D:\\eclipse_workspace\\pr_attachments\\temp files\\ab1420210926044616.png'),
 (38,101,NULL,'SOURCE_DOC',1,'125863-AD','D:\\eclipse_workspace\\pr_attachments\\upload files\\INV 201-2836120210926044626.png',NULL,'INV 201-28361.png','INV 201-2836120210926044626.png',NULL,600,'194990','2021-09-26 04:46:26',0,'D:\\eclipse_workspace\\pr_attachments\\temp files\\INV 201-2836120210926044626.png');
/*!40000 ALTER TABLE `document_upload` ENABLE KEYS */;


--
-- Table structure for table `finance_system`.`ledger_account`
--

DROP TABLE IF EXISTS `ledger_account`;
CREATE TABLE `ledger_account` (
  `LEDGER_ACCOUNT_ID` int(11) NOT NULL AUTO_INCREMENT,
  `ACCOUNT_NO` varchar(100) DEFAULT NULL,
  `ACCOUNT_NAME` varchar(200) DEFAULT NULL,
  `ACCOUNT_CATEGORY` varchar(100) DEFAULT NULL,
  `STANDARD_TYPE` varchar(20) DEFAULT NULL,
  `REMARK` varchar(100) DEFAULT NULL,
  `CREATED_BY` varchar(100) NOT NULL,
  `CREATED_DATE` date NOT NULL,
  `LAST_UPDATED_BY` varchar(100) NOT NULL,
  `LAST_UPDATED_DATE` date NOT NULL,
  `STATUS` char(1) NOT NULL DEFAULT 'A',
  `VERSION` int(11) NOT NULL DEFAULT '0',
  PRIMARY KEY (`LEDGER_ACCOUNT_ID`),
  UNIQUE KEY `Index 2` (`ACCOUNT_NO`)
) ENGINE=InnoDB AUTO_INCREMENT=33 DEFAULT CHARSET=latin1;

--
-- Dumping data for table `finance_system`.`ledger_account`
--

/*!40000 ALTER TABLE `ledger_account` DISABLE KEYS */;
INSERT INTO `ledger_account` (`LEDGER_ACCOUNT_ID`,`ACCOUNT_NO`,`ACCOUNT_NAME`,`ACCOUNT_CATEGORY`,`STANDARD_TYPE`,`REMARK`,`CREATED_BY`,`CREATED_DATE`,`LAST_UPDATED_BY`,`LAST_UPDATED_DATE`,`STATUS`,`VERSION`) VALUES 
 (19,'393630','S/A Premises','ASSET','DR','','194910','2021-09-25','194910','2021-09-25','A',2),
 (20,'467040','Pay Order','LIABILITY','DR','','194910','2021-09-25','194910','2021-09-25','A',1),
 (21,'492710','S/A money retained ','LIABILITY','DR',NULL,'194910','2021-09-25','194910','2021-09-25','A',0),
 (22,'103053','Accounts Receivable','ASSET','DR',NULL,'194910','2021-09-25','194910','2021-09-25','A',0),
 (23,'204012','Interest Payable','LIABILITY','CR','','194910','2021-09-25','194910','2021-09-25','A',1),
 (24,'510236','Repair Supplies Expense','EXPENSE','DR',NULL,'194910','2021-09-25','194910','2021-09-25','A',0),
 (25,'546236','Taxes and Licenses','EXPENSE','DR',NULL,'194910','2021-09-25','194910','2021-09-25','A',0),
 (26,'510020','Utilities Expense','EXPENSE','DR',NULL,'194910','2021-09-25','194910','2021-09-25','A',0),
 (27,'578900','Depreciation Expense','EXPENSE','DR',NULL,'194910','2021-09-25','194910','2021-09-25','A',0);
INSERT INTO `ledger_account` (`LEDGER_ACCOUNT_ID`,`ACCOUNT_NO`,`ACCOUNT_NAME`,`ACCOUNT_CATEGORY`,`STANDARD_TYPE`,`REMARK`,`CREATED_BY`,`CREATED_DATE`,`LAST_UPDATED_BY`,`LAST_UPDATED_DATE`,`STATUS`,`VERSION`) VALUES 
 (29,'412560','Service Revenue','INCOME','CR',NULL,'194910','2021-09-25','194910','2021-09-25','A',0),
 (30,'268840','C/A VAT','EXPENSE','DR',NULL,'194990','2021-09-25','194990','2021-09-25','A',0),
 (31,'268240','C/A advert','EXPENSE','DR',NULL,'194990','2021-09-25','194990','2021-09-25','A',0),
 (32,'123456','xyz','ASSET','CR',NULL,'194910','2021-09-26','194910','2021-09-26','A',0);
/*!40000 ALTER TABLE `ledger_account` ENABLE KEYS */;


--
-- Table structure for table `finance_system`.`location`
--

DROP TABLE IF EXISTS `location`;
CREATE TABLE `location` (
  `LOCATION_ID` int(11) NOT NULL,
  `LOCATION_TYPE` varchar(10) DEFAULT NULL,
  `LOCATION_NAME` varchar(50) DEFAULT NULL,
  `STATUS` varchar(1) DEFAULT 'A',
  PRIMARY KEY (`LOCATION_ID`)
) ENGINE=InnoDB DEFAULT CHARSET=latin1;

--
-- Dumping data for table `finance_system`.`location`
--

/*!40000 ALTER TABLE `location` DISABLE KEYS */;
INSERT INTO `location` (`LOCATION_ID`,`LOCATION_TYPE`,`LOCATION_NAME`,`STATUS`) VALUES 
 (521,'DEPT','Supplies Department','A'),
 (550,'DEPT','Legal Department','A'),
 (600,'DEPT','Finance Department','A'),
 (611,'DEPT','Information Technology Dept','A'),
 (665,'DEPT','Marketing Department','A');
/*!40000 ALTER TABLE `location` ENABLE KEYS */;


--
-- Table structure for table `finance_system`.`payment_request`
--

DROP TABLE IF EXISTS `payment_request`;
CREATE TABLE `payment_request` (
  `PR_ID` int(11) NOT NULL AUTO_INCREMENT,
  `DEPARTMENT_ID` int(11) DEFAULT NULL,
  `SUBJECT` varchar(500) DEFAULT NULL,
  `COST_CENTER` varchar(20) DEFAULT NULL,
  `PR_DATE` date DEFAULT NULL,
  `BUDGET_TYPE` varchar(50) NOT NULL DEFAULT '',
  `ACTION_CODE_ID` int(11) NOT NULL,
  `BUDGET_CODE_ID` int(11) NOT NULL,
  `BUDGET_ID` int(11) NOT NULL,
  `PAYABLE_AMOUNT` double DEFAULT '0',
  `VAT_AMOUNT` double DEFAULT '0',
  `NBT_AMOUNT` double DEFAULT '0',
  `PAYABLE_OTHER_AMOUNT` double DEFAULT '0',
  `PAYABLE_TOTAL` double DEFAULT '0',
  `WITHHOLDING_TAX` double DEFAULT '0',
  `RETAINED_AMOUNT` double DEFAULT NULL,
  `DEDUCTION_OTHER` double DEFAULT '0',
  `DEDUCTION_TOTAL` double DEFAULT '0',
  `NET_AMOUNT` double DEFAULT '0',
  `CURRENCY_TYPE` varchar(20) DEFAULT 'LKR',
  `CREATED_BY` varchar(20) NOT NULL,
  `CREATED_DATE` date NOT NULL,
  `LAST_UPDATED_BY` varchar(20) NOT NULL,
  `LAST_UPDATED_DATE` date NOT NULL,
  `PRF_STATUS` varchar(20) DEFAULT NULL,
  `VERSION` int(11) DEFAULT '0',
  `PR_NUMBER` varchar(20) NOT NULL,
  `PENALTY_AMOUNT` double DEFAULT '0',
  `BUDGET_YEAR` varchar(4) NOT NULL,
  `STAKEHOLDER_ID` int(11) NOT NULL DEFAULT '0',
  `PAY_MODE` varchar(50) DEFAULT NULL,
  PRIMARY KEY (`PR_ID`) USING BTREE,
  KEY `FK_prf_action_code` (`ACTION_CODE_ID`),
  KEY `FK_prf_budget_code` (`BUDGET_CODE_ID`),
  KEY `FK_prf_budget` (`BUDGET_ID`),
  KEY `FK_prf_budget_type` (`BUDGET_TYPE`) USING BTREE,
  KEY `FK_payment_request_stakeholder` (`STAKEHOLDER_ID`),
  CONSTRAINT `FK_payment_request_stakeholder` FOREIGN KEY (`STAKEHOLDER_ID`) REFERENCES `stakeholder` (`STAKEHOLDER_ID`),
  CONSTRAINT `FK_prf_action_code` FOREIGN KEY (`ACTION_CODE_ID`) REFERENCES `action_code` (`ACTION_ID`),
  CONSTRAINT `FK_prf_budget` FOREIGN KEY (`BUDGET_ID`) REFERENCES `budget` (`BUDGET_ID`),
  CONSTRAINT `FK_prf_budget_code` FOREIGN KEY (`BUDGET_CODE_ID`) REFERENCES `budget_code` (`BUDGET_CODE_ID`)
) ENGINE=InnoDB AUTO_INCREMENT=40 DEFAULT CHARSET=latin1 COMMENT='PR';

--
-- Dumping data for table `finance_system`.`payment_request`
--

/*!40000 ALTER TABLE `payment_request` DISABLE KEYS */;
INSERT INTO `payment_request` (`PR_ID`,`DEPARTMENT_ID`,`SUBJECT`,`COST_CENTER`,`PR_DATE`,`BUDGET_TYPE`,`ACTION_CODE_ID`,`BUDGET_CODE_ID`,`BUDGET_ID`,`PAYABLE_AMOUNT`,`VAT_AMOUNT`,`NBT_AMOUNT`,`PAYABLE_OTHER_AMOUNT`,`PAYABLE_TOTAL`,`WITHHOLDING_TAX`,`RETAINED_AMOUNT`,`DEDUCTION_OTHER`,`DEDUCTION_TOTAL`,`NET_AMOUNT`,`CURRENCY_TYPE`,`CREATED_BY`,`CREATED_DATE`,`LAST_UPDATED_BY`,`LAST_UPDATED_DATE`,`PRF_STATUS`,`VERSION`,`PR_NUMBER`,`PENALTY_AMOUNT`,`BUDGET_YEAR`,`STAKEHOLDER_ID`,`PAY_MODE`) VALUES 
 (20,611,'promoting campaign','611','2021-09-25','MARKETING_EXPENSES',12,13,33,40000,3200,0,0,43200,0,0,0,0,43200,'LKR','194970','2021-09-25','194950','2021-09-25','APPROVED',0,'2021-611-000001',0,'2021',12,'CUSTOMER_ACCOUNT'),
 (21,611,'ISO training/ facilities','611','2021-09-25','IT_EXPENSES',18,18,34,37000,0,0,0,37000,100,0,0,100,36900,'LKR','194970','2021-09-25','194950','2021-09-25','APPROVED',0,'2021-611-000002',0,'2021',40,'CUSTOMER_ACCOUNT'),
 (22,600,'office changes','600','2021-09-25','CAPITAL_EXPENSES',20,16,36,10000,800,0,0,10800,0,0,0,0,10800,'LKR','194990','2021-09-25','194950','2021-09-25','APPROVED',0,'2021-600-000001',0,'2021',41,'PAY_ORDER'),
 (23,665,'New accounts gifts','665','2021-09-25','RETAIL_BANKING_EXPENSES',21,12,37,70000,5600,0,100,75700,0,0,0,0,75700,'LKR','194980','2021-09-25','194950','2021-09-25','APPROVED',0,'2021-665-000001',0,'2020',27,'PAY_ORDER');
INSERT INTO `payment_request` (`PR_ID`,`DEPARTMENT_ID`,`SUBJECT`,`COST_CENTER`,`PR_DATE`,`BUDGET_TYPE`,`ACTION_CODE_ID`,`BUDGET_CODE_ID`,`BUDGET_ID`,`PAYABLE_AMOUNT`,`VAT_AMOUNT`,`NBT_AMOUNT`,`PAYABLE_OTHER_AMOUNT`,`PAYABLE_TOTAL`,`WITHHOLDING_TAX`,`RETAINED_AMOUNT`,`DEDUCTION_OTHER`,`DEDUCTION_TOTAL`,`NET_AMOUNT`,`CURRENCY_TYPE`,`CREATED_BY`,`CREATED_DATE`,`LAST_UPDATED_BY`,`LAST_UPDATED_DATE`,`PRF_STATUS`,`VERSION`,`PR_NUMBER`,`PENALTY_AMOUNT`,`BUDGET_YEAR`,`STAKEHOLDER_ID`,`PAY_MODE`) VALUES 
 (24,611,'IT systems migration','611','2021-09-25','IT_EXPENSES',18,18,34,200000,0,0,0,200000,0,0,0,0,200000,'LKR','194910','2021-09-25','194930','2021-09-26','PENDING',0,'2021-611-000003',0,'2021',5,'PAY_ORDER'),
 (25,611,'rentals','611','2021-09-25','RETAIL_BANKING_EXPENSES',21,12,37,140000,11200,0,0,151200,0,0,0,0,151200,'LKR','194910','2021-09-25','194910','2021-09-25','CANCELED',0,'2021-611-000004',0,'2020',5,'CUSTOMER_ACCOUNT'),
 (26,665,'travvlling','665','2021-09-25','RETAIL_BANKING_EXPENSES',21,12,38,24000,0,0,0,24000,0,0,0,0,24000,'LKR','194980','2021-09-25','194950','2021-09-25','APPROVED',0,'2021-665-000002',0,'2021',9,'PAY_ORDER'),
 (27,611,'rewrite-projects','611','2021-09-26','IT_EXPENSES',18,17,39,1100000,88000,0,0,1188000,0,0,0,0,1188000,'LKR','194910','2021-09-26','194930','2021-09-26','PENDING',0,'2021-611-000005',0,'2021',11,'PAY_ORDER');
INSERT INTO `payment_request` (`PR_ID`,`DEPARTMENT_ID`,`SUBJECT`,`COST_CENTER`,`PR_DATE`,`BUDGET_TYPE`,`ACTION_CODE_ID`,`BUDGET_CODE_ID`,`BUDGET_ID`,`PAYABLE_AMOUNT`,`VAT_AMOUNT`,`NBT_AMOUNT`,`PAYABLE_OTHER_AMOUNT`,`PAYABLE_TOTAL`,`WITHHOLDING_TAX`,`RETAINED_AMOUNT`,`DEDUCTION_OTHER`,`DEDUCTION_TOTAL`,`NET_AMOUNT`,`CURRENCY_TYPE`,`CREATED_BY`,`CREATED_DATE`,`LAST_UPDATED_BY`,`LAST_UPDATED_DATE`,`PRF_STATUS`,`VERSION`,`PR_NUMBER`,`PENALTY_AMOUNT`,`BUDGET_YEAR`,`STAKEHOLDER_ID`,`PAY_MODE`) VALUES 
 (28,665,'introducing campaign','665','2021-09-26','MARKETING_EXPENSES',12,13,33,40000,0,0,0,40000,0,0,0,0,40000,'LKR','194980','2021-09-26','194950','2021-09-26','APPROVED',0,'2021-665-000003',0,'2021',41,'CUSTOMER_ACCOUNT'),
 (29,665,'marketing','665','2021-09-26','MARKETING_EXPENSES',12,13,33,40000,0,0,0,40000,0,0,0,0,40000,'LKR','194980','2021-09-26','194830','2021-09-26','CANCELED',0,'2021-665-000004',0,'2021',2,'CUSTOMER_ACCOUNT'),
 (30,611,'new location','611','2021-09-26','CAPITAL_EXPENSES',20,16,36,20000,0,0,0,20000,0,0,0,0,20000,'LKR','194910','2021-09-26','194910','2021-09-26','DRAFT',0,'2021-611-000006',0,'2021',16,'CUSTOMER_ACCOUNT'),
 (31,611,'engineering services','611','2021-09-26','CAPITAL_EXPENSES',20,16,36,99850,1497.75,0,0,101347.75,0,0,0,0,101347.75,'LKR','194910','2021-09-26','194910','2021-09-26','DRAFT',0,'2021-611-000007',0,'2021',12,'CUSTOMER_ACCOUNT');
INSERT INTO `payment_request` (`PR_ID`,`DEPARTMENT_ID`,`SUBJECT`,`COST_CENTER`,`PR_DATE`,`BUDGET_TYPE`,`ACTION_CODE_ID`,`BUDGET_CODE_ID`,`BUDGET_ID`,`PAYABLE_AMOUNT`,`VAT_AMOUNT`,`NBT_AMOUNT`,`PAYABLE_OTHER_AMOUNT`,`PAYABLE_TOTAL`,`WITHHOLDING_TAX`,`RETAINED_AMOUNT`,`DEDUCTION_OTHER`,`DEDUCTION_TOTAL`,`NET_AMOUNT`,`CURRENCY_TYPE`,`CREATED_BY`,`CREATED_DATE`,`LAST_UPDATED_BY`,`LAST_UPDATED_DATE`,`PRF_STATUS`,`VERSION`,`PR_NUMBER`,`PENALTY_AMOUNT`,`BUDGET_YEAR`,`STAKEHOLDER_ID`,`PAY_MODE`) VALUES 
 (32,611,'SIBS new version infrasture','611','2021-09-26','IT_EXPENSES',18,17,39,140000,11200,0,0,151200,0,0,0,0,151200,'LKR','194910','2021-09-26','194910','2021-09-26','PENDING',0,'2021-611-000008',0,'2021',5,'CUSTOMER_ACCOUNT'),
 (33,665,'service center opening in central province','665','2021-09-26','MARKETING_EXPENSES',12,13,33,100000,0,0,0,100000,0,0,0,0,100000,'LKR','194980','2021-09-26','194980','2021-09-26','DRAFT',0,'2021-665-000005',0,'2021',15,'PAY_ORDER'),
 (34,665,'school atm','665','2021-09-26','RETAIL_BANKING_EXPENSES',21,12,37,200000,0,0,0,200000,0,0,0,0,200000,'LKR','194980','2021-09-26','194980','2021-09-26','PENDING',0,'2021-665-000006',0,'2020',39,'PAY_ORDER'),
 (35,665,'Printing new books and gifts','665','2021-09-26','RETAIL_BANKING_EXPENSES',21,12,38,40000,0,0,0,40000,0,0,0,0,40000,'LKR','194980','2021-09-26','194980','2021-09-26','DRAFT',0,'2021-665-000007',0,'2021',2,'PAY_ORDER');
INSERT INTO `payment_request` (`PR_ID`,`DEPARTMENT_ID`,`SUBJECT`,`COST_CENTER`,`PR_DATE`,`BUDGET_TYPE`,`ACTION_CODE_ID`,`BUDGET_CODE_ID`,`BUDGET_ID`,`PAYABLE_AMOUNT`,`VAT_AMOUNT`,`NBT_AMOUNT`,`PAYABLE_OTHER_AMOUNT`,`PAYABLE_TOTAL`,`WITHHOLDING_TAX`,`RETAINED_AMOUNT`,`DEDUCTION_OTHER`,`DEDUCTION_TOTAL`,`NET_AMOUNT`,`CURRENCY_TYPE`,`CREATED_BY`,`CREATED_DATE`,`LAST_UPDATED_BY`,`LAST_UPDATED_DATE`,`PRF_STATUS`,`VERSION`,`PR_NUMBER`,`PENALTY_AMOUNT`,`BUDGET_YEAR`,`STAKEHOLDER_ID`,`PAY_MODE`) VALUES 
 (36,611,'branch shifing','611','2021-09-26','CAPITAL_EXPENSES',20,16,36,50000,0,0,0,50000,0,0,1000,1000,49000,'LKR','194910','2021-09-26','194910','2021-09-26','DRAFT',0,'2021-611-000009',0,'2021',16,'PAY_ORDER'),
 (37,600,'building maintains','600','2021-09-26','CAPITAL_EXPENSES',19,20,43,70000,5600,0,0,75600,0,0,0,0,75600,'LKR','194990','2021-09-26','194990','2021-09-26','DRAFT',0,'2021-600-000002',0,'2021',8,'PAY_ORDER'),
 (38,611,'covid 19 travelling - kandy road to fort','611','2021-09-26','CAPITAL_EXPENSES',19,15,35,10000,800,0,0,10800,0,0,0,0,10800,'LKR','194910','2021-09-26','194950','2021-09-26','APPROVED',0,'2021-611-000010',0,'2021',27,'CUSTOMER_ACCOUNT'),
 (39,611,'pay','611','2021-09-26','MARKETING_EXPENSES',12,13,33,33000,0,0,0,33000,0,0,0,0,33000,'LKR','194970','2021-09-26','194920','2021-09-26','REJECTED',0,'2021-611-000011',0,'2021',27,'CUSTOMER_ACCOUNT');
/*!40000 ALTER TABLE `payment_request` ENABLE KEYS */;


--
-- Table structure for table `finance_system`.`pr_entries`
--

DROP TABLE IF EXISTS `pr_entries`;
CREATE TABLE `pr_entries` (
  `PR_ENTRIES_ID` int(11) NOT NULL AUTO_INCREMENT,
  `PR_ID` int(11) NOT NULL,
  `STAKEHOLDER_ID` int(11) DEFAULT NULL,
  `DR_CR` varchar(20) DEFAULT NULL,
  `LEDGER_ACCOUNT_ID` int(11) DEFAULT NULL,
  `STK_ACCOUNT_NO` varchar(50) DEFAULT NULL,
  `AMOUNT` double DEFAULT NULL,
  `CREATED_BY` varchar(50) NOT NULL,
  `CREATED_DATE` date NOT NULL,
  `DEPARTMENT_ID` int(11) DEFAULT NULL,
  PRIMARY KEY (`PR_ENTRIES_ID`) USING BTREE,
  KEY `FK_pr_entries_ledger_account` (`LEDGER_ACCOUNT_ID`),
  KEY `FK_pr_entries_pr_stakeholder` (`STAKEHOLDER_ID`) USING BTREE,
  KEY `FK_pr_entries_payment_request` (`PR_ID`),
  CONSTRAINT `FK_pr_entries_ledger_account` FOREIGN KEY (`LEDGER_ACCOUNT_ID`) REFERENCES `ledger_account` (`LEDGER_ACCOUNT_ID`),
  CONSTRAINT `FK_pr_entries_payment_request` FOREIGN KEY (`PR_ID`) REFERENCES `payment_request` (`PR_ID`) ON DELETE CASCADE ON UPDATE CASCADE,
  CONSTRAINT `FK_pr_entries_stakeholder` FOREIGN KEY (`STAKEHOLDER_ID`) REFERENCES `stakeholder` (`STAKEHOLDER_ID`)
) ENGINE=InnoDB AUTO_INCREMENT=112 DEFAULT CHARSET=latin1;

--
-- Dumping data for table `finance_system`.`pr_entries`
--

/*!40000 ALTER TABLE `pr_entries` DISABLE KEYS */;
INSERT INTO `pr_entries` (`PR_ENTRIES_ID`,`PR_ID`,`STAKEHOLDER_ID`,`DR_CR`,`LEDGER_ACCOUNT_ID`,`STK_ACCOUNT_NO`,`AMOUNT`,`CREATED_BY`,`CREATED_DATE`,`DEPARTMENT_ID`) VALUES 
 (61,20,12,'CR',20,NULL,43200,'194910','2021-09-25',611),
 (62,20,12,'DR',30,NULL,3200,'194910','2021-09-25',611),
 (63,20,12,'DR',31,NULL,40000,'194910','2021-09-25',611),
 (68,21,40,'DR',26,NULL,36900,'194910','2021-09-25',611),
 (69,21,40,'CR',NULL,'125896332598888',36900,'194910','2021-09-25',611),
 (70,22,41,'CR',20,NULL,10800,'194990','2021-09-25',600),
 (71,22,41,'DR',30,NULL,800,'194990','2021-09-25',600),
 (72,22,41,'DR',31,NULL,10000,'194990','2021-09-25',600),
 (73,23,27,'CR',20,NULL,75700,'194980','2021-09-25',665),
 (74,23,27,'DR',31,NULL,70000,'194980','2021-09-25',665),
 (75,23,27,'DR',30,NULL,5700,'194980','2021-09-25',665),
 (76,24,5,'CR',NULL,NULL,200000,'194910','2021-09-25',611),
 (77,24,5,'DR',24,NULL,200000,'194910','2021-09-25',611),
 (78,25,5,'CR',NULL,NULL,151200,'194910','2021-09-25',611),
 (79,25,5,'DR',30,NULL,11200,'194910','2021-09-25',611);
INSERT INTO `pr_entries` (`PR_ENTRIES_ID`,`PR_ID`,`STAKEHOLDER_ID`,`DR_CR`,`LEDGER_ACCOUNT_ID`,`STK_ACCOUNT_NO`,`AMOUNT`,`CREATED_BY`,`CREATED_DATE`,`DEPARTMENT_ID`) VALUES 
 (80,25,5,'DR',26,NULL,140000,'194910','2021-09-25',611),
 (81,26,9,'CR',26,NULL,24000,'194980','2021-09-25',665),
 (82,26,9,'DR',24,NULL,24000,'194980','2021-09-25',665),
 (83,27,11,'CR',20,NULL,1188000,'194910','2021-09-26',611),
 (84,27,11,'DR',30,NULL,88000,'194910','2021-09-26',611),
 (85,27,11,'DR',31,NULL,1100000,'194910','2021-09-26',611),
 (88,29,2,'CR',30,NULL,40000,'194980','2021-09-26',665),
 (89,29,2,'DR',26,NULL,40000,'194980','2021-09-26',665),
 (90,30,16,'CR',20,NULL,20000,'194910','2021-09-26',611),
 (91,30,16,'DR',23,NULL,20000,'194910','2021-09-26',611),
 (92,31,12,'CR',NULL,NULL,101347.75,'194910','2021-09-26',611),
 (93,31,12,'DR',26,NULL,101347.75,'194910','2021-09-26',611),
 (94,32,5,'CR',NULL,NULL,151200,'194910','2021-09-26',611),
 (95,32,5,'DR',29,NULL,151200,'194910','2021-09-26',611),
 (96,33,15,'CR',20,NULL,100000,'194980','2021-09-26',665),
 (97,33,15,'DR',31,NULL,100000,'194980','2021-09-26',665);
INSERT INTO `pr_entries` (`PR_ENTRIES_ID`,`PR_ID`,`STAKEHOLDER_ID`,`DR_CR`,`LEDGER_ACCOUNT_ID`,`STK_ACCOUNT_NO`,`AMOUNT`,`CREATED_BY`,`CREATED_DATE`,`DEPARTMENT_ID`) VALUES 
 (98,34,39,'CR',20,NULL,200000,'194980','2021-09-26',665),
 (99,34,39,'DR',31,NULL,200000,'194980','2021-09-26',665),
 (100,35,2,'CR',31,NULL,40000,'194980','2021-09-26',665),
 (101,35,2,'DR',26,NULL,40000,'194980','2021-09-26',665),
 (102,36,16,'CR',20,NULL,49000,'194910','2021-09-26',611),
 (103,36,16,'DR',25,NULL,49000,'194910','2021-09-26',611),
 (104,37,8,'CR',20,NULL,75600,'194990','2021-09-26',600),
 (105,37,8,'DR',21,NULL,75600,'194990','2021-09-26',600),
 (106,28,41,'CR',21,NULL,40000,'194980','2021-09-26',665),
 (107,28,41,'DR',23,NULL,40000,'194980','2021-09-26',665),
 (108,38,27,'CR',20,NULL,10800,'194910','2021-09-26',611),
 (109,38,27,'DR',19,NULL,10800,'194910','2021-09-26',611),
 (110,39,27,'CR',20,NULL,33000,'194970','2021-09-26',611),
 (111,39,27,'DR',NULL,NULL,33000,'194970','2021-09-26',611);
/*!40000 ALTER TABLE `pr_entries` ENABLE KEYS */;


--
-- Table structure for table `finance_system`.`pr_status`
--

DROP TABLE IF EXISTS `pr_status`;
CREATE TABLE `pr_status` (
  `PR_STATUS_ID` int(11) NOT NULL AUTO_INCREMENT,
  `PR_ID` int(11) DEFAULT NULL,
  `STATUS` varchar(20) DEFAULT NULL,
  `REJECT_REASON` varchar(200) DEFAULT NULL,
  `DEPARTMENT_ID` int(11) DEFAULT NULL,
  `CREATED_BY` varchar(20) NOT NULL,
  `CREATED_DATE` date NOT NULL,
  `USER_LEVEL` varchar(20) DEFAULT NULL,
  PRIMARY KEY (`PR_STATUS_ID`),
  KEY `FK_pr_status_payment_request` (`PR_ID`),
  CONSTRAINT `FK_pr_status_payment_request` FOREIGN KEY (`PR_ID`) REFERENCES `payment_request` (`PR_ID`) ON DELETE CASCADE
) ENGINE=InnoDB AUTO_INCREMENT=116 DEFAULT CHARSET=latin1;

--
-- Dumping data for table `finance_system`.`pr_status`
--

/*!40000 ALTER TABLE `pr_status` DISABLE KEYS */;
INSERT INTO `pr_status` (`PR_STATUS_ID`,`PR_ID`,`STATUS`,`REJECT_REASON`,`DEPARTMENT_ID`,`CREATED_BY`,`CREATED_DATE`,`USER_LEVEL`) VALUES 
 (43,20,'DRAFT',NULL,611,'194970','2021-09-25','SYSTEM_OPERATOR'),
 (44,20,'DRAFT',NULL,611,'194970','2021-09-25','SYSTEM_OPERATOR'),
 (45,20,'DRAFT',NULL,611,'194910','2021-09-25','SYSTEM_ADMIN'),
 (46,20,'PENDING',NULL,611,'194910','2021-09-25','SYSTEM_ADMIN'),
 (47,20,'PENDING',NULL,611,'194920','2021-09-25','OFFICER_B'),
 (48,20,'PENDING',NULL,611,'194930','2021-09-25','OFFICER_A'),
 (49,20,'PENDING',NULL,600,'194940','2021-09-25','OFFICER_B'),
 (50,20,'APPROVED',NULL,600,'194950','2021-09-25','OFFICER_A'),
 (51,21,'DRAFT',NULL,611,'194970','2021-09-25','SYSTEM_OPERATOR'),
 (52,21,'DRAFT',NULL,611,'194910','2021-09-25','SYSTEM_ADMIN'),
 (53,21,'DRAFT',NULL,611,'194910','2021-09-25','SYSTEM_ADMIN'),
 (54,21,'PENDING',NULL,611,'194910','2021-09-25','SYSTEM_ADMIN'),
 (55,21,'PENDING',NULL,611,'194920','2021-09-25','OFFICER_B'),
 (56,21,'PENDING',NULL,611,'194930','2021-09-25','OFFICER_A'),
 (57,21,'PENDING',NULL,600,'194940','2021-09-25','OFFICER_B');
INSERT INTO `pr_status` (`PR_STATUS_ID`,`PR_ID`,`STATUS`,`REJECT_REASON`,`DEPARTMENT_ID`,`CREATED_BY`,`CREATED_DATE`,`USER_LEVEL`) VALUES 
 (58,21,'APPROVED',NULL,600,'194950','2021-09-25','OFFICER_A'),
 (59,22,'DRAFT',NULL,600,'194990','2021-09-25','SYSTEM_OPERATOR'),
 (60,22,'PENDING',NULL,600,'194990','2021-09-25','SYSTEM_OPERATOR'),
 (61,22,'PENDING',NULL,600,'194940','2021-09-25','OFFICER_B'),
 (62,22,'APPROVED',NULL,600,'194950','2021-09-25','OFFICER_A'),
 (63,23,'DRAFT',NULL,665,'194980','2021-09-25','SYSTEM_OPERATOR'),
 (64,23,'PENDING',NULL,665,'194980','2021-09-25','SYSTEM_OPERATOR'),
 (65,23,'PENDING',NULL,665,'194830','2021-09-25','OFFICER_B'),
 (66,23,'PENDING',NULL,665,'194820','2021-09-25','OFFICER_A'),
 (67,23,'PENDING',NULL,600,'194940','2021-09-25','OFFICER_B'),
 (68,23,'APPROVED',NULL,600,'194950','2021-09-25','OFFICER_A'),
 (69,24,'DRAFT',NULL,611,'194910','2021-09-25','SYSTEM_ADMIN'),
 (70,24,'PENDING',NULL,611,'194910','2021-09-25','SYSTEM_ADMIN'),
 (71,25,'DRAFT',NULL,611,'194910','2021-09-25','SYSTEM_ADMIN'),
 (72,25,'CANCELED','Invalid budget',611,'194910','2021-09-25','SYSTEM_ADMIN');
INSERT INTO `pr_status` (`PR_STATUS_ID`,`PR_ID`,`STATUS`,`REJECT_REASON`,`DEPARTMENT_ID`,`CREATED_BY`,`CREATED_DATE`,`USER_LEVEL`) VALUES 
 (73,26,'DRAFT',NULL,665,'194980','2021-09-25','SYSTEM_OPERATOR'),
 (74,26,'PENDING',NULL,665,'194980','2021-09-25','SYSTEM_OPERATOR'),
 (75,26,'PENDING',NULL,665,'194830','2021-09-25','OFFICER_B'),
 (76,26,'PENDING',NULL,665,'194820','2021-09-25','OFFICER_A'),
 (77,26,'PENDING',NULL,600,'194940','2021-09-25','OFFICER_B'),
 (78,26,'APPROVED',NULL,600,'194950','2021-09-25','OFFICER_A'),
 (79,27,'DRAFT',NULL,611,'194910','2021-09-26','SYSTEM_ADMIN'),
 (80,27,'PENDING',NULL,611,'194910','2021-09-26','SYSTEM_ADMIN'),
 (81,24,'PENDING',NULL,611,'194920','2021-09-26','OFFICER_B'),
 (82,24,'PENDING',NULL,611,'194930','2021-09-26','OFFICER_A'),
 (83,28,'DRAFT',NULL,665,'194980','2021-09-26','SYSTEM_OPERATOR'),
 (84,28,'PENDING',NULL,665,'194980','2021-09-26','SYSTEM_OPERATOR'),
 (85,29,'DRAFT',NULL,665,'194980','2021-09-26','SYSTEM_OPERATOR'),
 (86,29,'PENDING',NULL,665,'194980','2021-09-26','SYSTEM_OPERATOR'),
 (87,29,'CANCELED','invalid info. Proceed as new',665,'194830','2021-09-26','OFFICER_B');
INSERT INTO `pr_status` (`PR_STATUS_ID`,`PR_ID`,`STATUS`,`REJECT_REASON`,`DEPARTMENT_ID`,`CREATED_BY`,`CREATED_DATE`,`USER_LEVEL`) VALUES 
 (88,30,'DRAFT',NULL,611,'194910','2021-09-26','SYSTEM_ADMIN'),
 (89,31,'DRAFT',NULL,611,'194910','2021-09-26','SYSTEM_ADMIN'),
 (90,32,'DRAFT',NULL,611,'194910','2021-09-26','SYSTEM_ADMIN'),
 (91,33,'DRAFT',NULL,665,'194980','2021-09-26','SYSTEM_OPERATOR'),
 (92,32,'PENDING',NULL,611,'194910','2021-09-26','SYSTEM_ADMIN'),
 (93,34,'DRAFT',NULL,665,'194980','2021-09-26','SYSTEM_OPERATOR'),
 (94,34,'PENDING',NULL,665,'194980','2021-09-26','SYSTEM_OPERATOR'),
 (95,35,'DRAFT',NULL,665,'194980','2021-09-26','SYSTEM_OPERATOR'),
 (96,36,'DRAFT',NULL,611,'194910','2021-09-26','SYSTEM_ADMIN'),
 (97,27,'PENDING',NULL,611,'194920','2021-09-26','OFFICER_B'),
 (98,27,'PENDING',NULL,611,'194930','2021-09-26','OFFICER_A'),
 (99,37,'DRAFT',NULL,600,'194990','2021-09-26','SYSTEM_OPERATOR'),
 (100,28,'REJECTED','Incomplete info',665,'194830','2021-09-26','OFFICER_B'),
 (101,28,'DRAFT',NULL,665,'194980','2021-09-26','SYSTEM_OPERATOR');
INSERT INTO `pr_status` (`PR_STATUS_ID`,`PR_ID`,`STATUS`,`REJECT_REASON`,`DEPARTMENT_ID`,`CREATED_BY`,`CREATED_DATE`,`USER_LEVEL`) VALUES 
 (102,28,'PENDING',NULL,665,'194980','2021-09-26','SYSTEM_OPERATOR'),
 (103,28,'PENDING',NULL,665,'194830','2021-09-26','OFFICER_B'),
 (104,28,'PENDING',NULL,665,'194840','2021-09-26','OFFICER_A'),
 (105,28,'PENDING',NULL,600,'194940','2021-09-26','OFFICER_B'),
 (106,28,'APPROVED',NULL,600,'194950','2021-09-26','OFFICER_A'),
 (107,38,'DRAFT',NULL,611,'194910','2021-09-26','SYSTEM_ADMIN'),
 (108,38,'PENDING',NULL,611,'194910','2021-09-26','SYSTEM_ADMIN'),
 (109,38,'PENDING',NULL,611,'194920','2021-09-26','OFFICER_B'),
 (110,38,'PENDING',NULL,611,'194930','2021-09-26','OFFICER_A'),
 (111,38,'PENDING',NULL,600,'194940','2021-09-26','OFFICER_B'),
 (112,38,'APPROVED',NULL,600,'194950','2021-09-26','OFFICER_A'),
 (113,39,'DRAFT',NULL,611,'194970','2021-09-26','SYSTEM_OPERATOR'),
 (114,39,'PENDING',NULL,611,'194970','2021-09-26','SYSTEM_OPERATOR'),
 (115,39,'REJECTED','invalid',611,'194920','2021-09-26','OFFICER_B');
/*!40000 ALTER TABLE `pr_status` ENABLE KEYS */;


--
-- Table structure for table `finance_system`.`pr_stk_source_doc`
--

DROP TABLE IF EXISTS `pr_stk_source_doc`;
CREATE TABLE `pr_stk_source_doc` (
  `PR_STK_SRC_DOC_ID` int(11) NOT NULL AUTO_INCREMENT,
  `PR_ID` int(11) DEFAULT NULL,
  `STAKEHOLDER_ID` int(11) DEFAULT NULL,
  `SOURCE_DOC_ID` int(11) DEFAULT NULL,
  `CREATED_BY` varchar(20) NOT NULL,
  `CREATED_DATE` date NOT NULL,
  `DEPARTMENT_ID` int(11) DEFAULT NULL,
  PRIMARY KEY (`PR_STK_SRC_DOC_ID`),
  KEY `FK_pr_stk_source_doc_payment_request` (`PR_ID`),
  KEY `FK_pr_stk_source_doc_source_document_header` (`SOURCE_DOC_ID`),
  KEY `FK_pr_stk_source_doc_pr_stakeholder` (`STAKEHOLDER_ID`) USING BTREE,
  CONSTRAINT `FK_pr_stk_source_doc_payment_request` FOREIGN KEY (`PR_ID`) REFERENCES `payment_request` (`PR_ID`) ON DELETE CASCADE,
  CONSTRAINT `FK_pr_stk_source_doc_source_document_header` FOREIGN KEY (`SOURCE_DOC_ID`) REFERENCES `source_document_header` (`SOURCE_DOC_ID`),
  CONSTRAINT `FK_pr_stk_source_doc_stakeholder` FOREIGN KEY (`STAKEHOLDER_ID`) REFERENCES `stakeholder` (`STAKEHOLDER_ID`)
) ENGINE=InnoDB AUTO_INCREMENT=50 DEFAULT CHARSET=latin1;

--
-- Dumping data for table `finance_system`.`pr_stk_source_doc`
--

/*!40000 ALTER TABLE `pr_stk_source_doc` DISABLE KEYS */;
INSERT INTO `pr_stk_source_doc` (`PR_STK_SRC_DOC_ID`,`PR_ID`,`STAKEHOLDER_ID`,`SOURCE_DOC_ID`,`CREATED_BY`,`CREATED_DATE`,`DEPARTMENT_ID`) VALUES 
 (24,20,12,78,'194910','2021-09-25',611),
 (29,21,40,79,'194910','2021-09-25',611),
 (30,21,40,80,'194910','2021-09-25',611),
 (31,22,41,81,'194990','2021-09-25',600),
 (32,23,27,84,'194980','2021-09-25',665),
 (33,24,5,86,'194910','2021-09-25',611),
 (34,25,5,85,'194910','2021-09-25',611),
 (35,26,9,87,'194980','2021-09-25',665),
 (36,27,11,93,'194910','2021-09-26',611),
 (38,29,2,96,'194980','2021-09-26',665),
 (39,30,16,88,'194910','2021-09-26',611),
 (40,31,12,98,'194910','2021-09-26',611),
 (41,32,5,85,'194910','2021-09-26',611),
 (42,33,15,99,'194980','2021-09-26',665),
 (43,34,39,100,'194980','2021-09-26',665),
 (44,35,2,96,'194980','2021-09-26',665),
 (45,36,16,89,'194910','2021-09-26',611),
 (46,37,8,101,'194990','2021-09-26',600),
 (47,28,41,95,'194980','2021-09-26',665),
 (48,38,27,91,'194910','2021-09-26',611),
 (49,39,27,92,'194970','2021-09-26',611);
/*!40000 ALTER TABLE `pr_stk_source_doc` ENABLE KEYS */;


--
-- Table structure for table `finance_system`.`serial`
--

DROP TABLE IF EXISTS `serial`;
CREATE TABLE `serial` (
  `SERIAL_ID` int(11) NOT NULL AUTO_INCREMENT,
  `DEPARTMENT_ID` int(11) DEFAULT NULL,
  `FINANCIAL_YEAR` int(11) DEFAULT NULL,
  `SERIAL_NO` int(11) DEFAULT NULL,
  PRIMARY KEY (`SERIAL_ID`),
  KEY `FK_serial_location` (`DEPARTMENT_ID`),
  CONSTRAINT `FK_serial_location` FOREIGN KEY (`DEPARTMENT_ID`) REFERENCES `location` (`LOCATION_ID`)
) ENGINE=InnoDB AUTO_INCREMENT=4 DEFAULT CHARSET=latin1;

--
-- Dumping data for table `finance_system`.`serial`
--

/*!40000 ALTER TABLE `serial` DISABLE KEYS */;
INSERT INTO `serial` (`SERIAL_ID`,`DEPARTMENT_ID`,`FINANCIAL_YEAR`,`SERIAL_NO`) VALUES 
 (1,611,2021,11),
 (2,600,2021,2),
 (3,665,2021,7);
/*!40000 ALTER TABLE `serial` ENABLE KEYS */;


--
-- Table structure for table `finance_system`.`source_doc_approvals`
--

DROP TABLE IF EXISTS `source_doc_approvals`;
CREATE TABLE `source_doc_approvals` (
  `SOURCE_DOC_APPROVAL_ID` int(11) NOT NULL AUTO_INCREMENT,
  `SOURCE_DOC_ID` int(11) NOT NULL,
  `APPROVAL_TYPE` varchar(50) NOT NULL COMMENT 'ApprovalTypeEnum',
  `APPROVAL_DOC_ID` int(11) NOT NULL DEFAULT '0',
  `APPROVAL_REF_NO` varchar(100) NOT NULL DEFAULT '0' COMMENT 'approval_doc.refno',
  `APPLIED_AMOUNT` double NOT NULL DEFAULT '0',
  `VERSION` int(11) DEFAULT NULL,
  PRIMARY KEY (`SOURCE_DOC_APPROVAL_ID`),
  UNIQUE KEY `Index 2` (`APPROVAL_DOC_ID`,`SOURCE_DOC_ID`),
  KEY `FK_source_doc_approvals_source_document_header` (`SOURCE_DOC_ID`),
  CONSTRAINT `FK_source_doc_approvals_approval_doc` FOREIGN KEY (`APPROVAL_DOC_ID`) REFERENCES `approval_doc` (`APPROVAL_DOC_ID`),
  CONSTRAINT `FK_source_doc_approvals_source_document_header` FOREIGN KEY (`SOURCE_DOC_ID`) REFERENCES `source_document_header` (`SOURCE_DOC_ID`) ON DELETE CASCADE ON UPDATE CASCADE
) ENGINE=InnoDB AUTO_INCREMENT=251 DEFAULT CHARSET=latin1;

--
-- Dumping data for table `finance_system`.`source_doc_approvals`
--

/*!40000 ALTER TABLE `source_doc_approvals` DISABLE KEYS */;
INSERT INTO `source_doc_approvals` (`SOURCE_DOC_APPROVAL_ID`,`SOURCE_DOC_ID`,`APPROVAL_TYPE`,`APPROVAL_DOC_ID`,`APPROVAL_REF_NO`,`APPLIED_AMOUNT`,`VERSION`) VALUES 
 (197,78,'HOD_APPROVAL',91,'H256-2021',40000,0),
 (204,79,'BOARD_PAPER',90,'B01-2021',25000,0),
 (205,80,'BOARD_PAPER',90,'B01-2021',12000,0),
 (206,81,'EOC',97,'E2021 -259A',10000,0),
 (210,84,'BOARD_PAPER',94,'B986',70000,0),
 (211,85,'BOARD_PAPER',90,'B01-2021',140000,0),
 (212,86,'BOARD_PAPER',90,'B01-2021',200000,0),
 (213,87,'EOC',93,'EOC 12-2020',20000,0),
 (214,87,'BOARD_PAPER',94,'B986',4000,0),
 (218,88,'BOARD_PAPER',90,'B01-2021',20000,0),
 (232,91,'BOARD_PAPER',90,'B01-2021',10000,0),
 (233,92,'BOARD_PAPER',90,'B01-2021',33000,0),
 (234,93,'EOC',101,'E125863',1100000,0),
 (235,94,'BOARD_PAPER',94,'B986',30000,0),
 (236,95,'BOARD_PAPER',94,'B986',40000,0),
 (237,96,'BOARD_PAPER',94,'B986',40000,0),
 (239,98,'EOC',101,'E125863',99850,0),
 (240,99,'BOARD_PAPER',94,'B986',100000,0),
 (241,100,'BOARD_PAPER',94,'B986',200000,0),
 (243,89,'EOC',101,'E125863',50000,0);
INSERT INTO `source_doc_approvals` (`SOURCE_DOC_APPROVAL_ID`,`SOURCE_DOC_ID`,`APPROVAL_TYPE`,`APPROVAL_DOC_ID`,`APPROVAL_REF_NO`,`APPLIED_AMOUNT`,`VERSION`) VALUES 
 (248,101,'BOARD_PAPER',100,'IT-B1456',70000,0),
 (250,103,'HOD_APPROVAL',103,'H11235-2021',150000,0);
/*!40000 ALTER TABLE `source_doc_approvals` ENABLE KEYS */;


--
-- Table structure for table `finance_system`.`source_document_header`
--

DROP TABLE IF EXISTS `source_document_header`;
CREATE TABLE `source_document_header` (
  `SOURCE_DOC_ID` int(11) NOT NULL AUTO_INCREMENT,
  `REFERENCE_NO` varchar(100) DEFAULT NULL,
  `SOURCE_DOD_DATE` date DEFAULT NULL,
  `SOURCE_DOC_TYPE` varchar(50) DEFAULT NULL,
  `DESCRIPTION` varchar(500) DEFAULT NULL,
  `REMARK` varchar(500) DEFAULT NULL,
  `VAT_PERCENTAGE` double DEFAULT NULL,
  `VAT_AMOUNT` double DEFAULT NULL,
  `OTHER_TAX_AMOUNT` double DEFAULT NULL,
  `NET_AMOUNT` double DEFAULT NULL,
  `GROSS_AMOUNT` double DEFAULT NULL,
  `STATUS` char(1) NOT NULL DEFAULT 'A',
  `DEPARTMENT_ID` int(11) DEFAULT NULL,
  `CREATED_BY` varchar(200) NOT NULL,
  `CREATED_DATE` date NOT NULL,
  `LAST_UPDATED_BY` varchar(100) NOT NULL,
  `LAST_UPDATED_DATE` date NOT NULL,
  `VERSION` int(11) NOT NULL DEFAULT '0',
  `STAKEHOLDER_ID` int(11) NOT NULL DEFAULT '0',
  `IS_PR_USED` char(1) DEFAULT 'N',
  PRIMARY KEY (`SOURCE_DOC_ID`),
  KEY `FK_source_document_header_stakeholder` (`STAKEHOLDER_ID`),
  CONSTRAINT `FK_source_document_header_stakeholder` FOREIGN KEY (`STAKEHOLDER_ID`) REFERENCES `stakeholder` (`STAKEHOLDER_ID`)
) ENGINE=InnoDB AUTO_INCREMENT=104 DEFAULT CHARSET=latin1;

--
-- Dumping data for table `finance_system`.`source_document_header`
--

/*!40000 ALTER TABLE `source_document_header` DISABLE KEYS */;
INSERT INTO `source_document_header` (`SOURCE_DOC_ID`,`REFERENCE_NO`,`SOURCE_DOD_DATE`,`SOURCE_DOC_TYPE`,`DESCRIPTION`,`REMARK`,`VAT_PERCENTAGE`,`VAT_AMOUNT`,`OTHER_TAX_AMOUNT`,`NET_AMOUNT`,`GROSS_AMOUNT`,`STATUS`,`DEPARTMENT_ID`,`CREATED_BY`,`CREATED_DATE`,`LAST_UPDATED_BY`,`LAST_UPDATED_DATE`,`VERSION`,`STAKEHOLDER_ID`,`IS_PR_USED`) VALUES 
 (78,'IN0925','2021-09-01','INVOICE','Staff machines','',8,3200,0,40000,43200,'A',611,'194910','2021-09-25','194910','2021-09-25',0,12,'Y'),
 (79,'IN562','2021-09-02','INVOICE','Auditorium fee','',0,0,0,25000,25000,'A',611,'194910','2021-09-25','194910','2021-09-25',0,40,'Y'),
 (80,'2021-35','2021-09-25','INVOICE','ISO meetings','',0,0,0,12000,12000,'A',611,'194910','2021-09-25','194910','2021-09-25',0,40,'Y'),
 (81,'IN 202996','2021-09-25','INVOICE','Office equipment','',8,800,0,10000,10800,'A',600,'194990','2021-09-25','194990','2021-09-25',0,41,'Y'),
 (84,'Iba1001','2021-09-25','INVOICE','Accounts books','',8,5600,100,70000,75700,'A',665,'194980','2021-09-25','194980','2021-09-25',0,27,'Y'),
 (85,'h14593','2021-09-02','INVOICE','server migration','',8,11200,0,140000,151200,'A',611,'194910','2021-09-25','194910','2021-09-26',0,5,'Y');
INSERT INTO `source_document_header` (`SOURCE_DOC_ID`,`REFERENCE_NO`,`SOURCE_DOD_DATE`,`SOURCE_DOC_TYPE`,`DESCRIPTION`,`REMARK`,`VAT_PERCENTAGE`,`VAT_AMOUNT`,`OTHER_TAX_AMOUNT`,`NET_AMOUNT`,`GROSS_AMOUNT`,`STATUS`,`DEPARTMENT_ID`,`CREATED_BY`,`CREATED_DATE`,`LAST_UPDATED_BY`,`LAST_UPDATED_DATE`,`VERSION`,`STAKEHOLDER_ID`,`IS_PR_USED`) VALUES 
 (86,'kkgll992','2021-09-25','INVOICE','Prime4 consultants','',0,0,0,200000,200000,'A',611,'194910','2021-09-25','194910','2021-09-25',0,5,'Y'),
 (87,'15893','2021-09-25','INVOICE','travelling','',0,0,0,24000,24000,'A',665,'194980','2021-09-25','194980','2021-09-25',0,9,'Y'),
 (88,'H1465-10','2021-09-01','INVOICE','Transport','',0,0,0,20000,20000,'A',611,'194910','2021-09-26','194910','2021-09-26',0,16,'Y'),
 (89,'P256-20219','2021-09-26','INVOICE','Machine transport','',0,0,0,50000,50000,'A',611,'194910','2021-09-26','194910','2021-09-26',0,16,'Y'),
 (91,'4789','2021-09-26','INVOICE','payment machinary','',8,800,0,10000,10800,'A',611,'194910','2021-09-26','194910','2021-09-26',0,27,'Y'),
 (92,'1865','2021-09-26','INVOICE','3666','',0,0,0,33000,33000,'A',611,'194910','2021-09-26','194970','2021-09-26',0,27,'Y');
INSERT INTO `source_document_header` (`SOURCE_DOC_ID`,`REFERENCE_NO`,`SOURCE_DOD_DATE`,`SOURCE_DOC_TYPE`,`DESCRIPTION`,`REMARK`,`VAT_PERCENTAGE`,`VAT_AMOUNT`,`OTHER_TAX_AMOUNT`,`NET_AMOUNT`,`GROSS_AMOUNT`,`STATUS`,`DEPARTMENT_ID`,`CREATED_BY`,`CREATED_DATE`,`LAST_UPDATED_BY`,`LAST_UPDATED_DATE`,`VERSION`,`STAKEHOLDER_ID`,`IS_PR_USED`) VALUES 
 (93,'14589','2021-09-26','INVOICE','New developments projects','',8,88000,0,1100000,1188000,'A',611,'194910','2021-09-26','194910','2021-09-26',0,11,'Y'),
 (94,'14859','2021-09-26','INVOICE','Service center opening','',7.5,2250,0,30000,32250,'A',665,'194980','2021-09-26','194980','2021-09-26',0,40,'N'),
 (95,'14789','2021-09-26','INVOICE','Introducing digital accounts campaign','',0,0,0,40000,40000,'A',665,'194980','2021-09-26','194980','2021-09-26',0,41,'Y'),
 (96,'14799kl','2021-09-01','INVOICE','Branch Opening','',0,0,0,40000,40000,'A',665,'194980','2021-09-26','194980','2021-09-26',0,2,'Y'),
 (98,'147896','2021-09-26','INVOICE','Engineering services','',1.5,1497.75,0,99850,101347.75,'A',611,'194910','2021-09-26','194910','2021-09-26',0,12,'Y'),
 (99,'2896323','2021-09-15','INVOICE','Polonnaruwa region service center openning','',0,0,0,100000,100000,'A',665,'194980','2021-09-26','194980','2021-09-26',0,15,'Y');
INSERT INTO `source_document_header` (`SOURCE_DOC_ID`,`REFERENCE_NO`,`SOURCE_DOD_DATE`,`SOURCE_DOC_TYPE`,`DESCRIPTION`,`REMARK`,`VAT_PERCENTAGE`,`VAT_AMOUNT`,`OTHER_TAX_AMOUNT`,`NET_AMOUNT`,`GROSS_AMOUNT`,`STATUS`,`DEPARTMENT_ID`,`CREATED_BY`,`CREATED_DATE`,`LAST_UPDATED_BY`,`LAST_UPDATED_DATE`,`VERSION`,`STAKEHOLDER_ID`,`IS_PR_USED`) VALUES 
 (100,'1259p96','2021-09-26','INVOICE','School ATM project','',0,0,0,200000,200000,'A',665,'194980','2021-09-26','194980','2021-09-26',0,39,'Y'),
 (101,'125863-AD','2021-09-26','INVOICE','covid 19 staff arrangement','',8,5600,0,70000,75600,'A',600,'194990','2021-09-26','194990','2021-09-26',0,8,'Y'),
 (103,'A1466','2021-09-26','INVOICE','Payment','',0,0,0,150000,150000,'A',611,'194970','2021-09-26','194970','2021-09-26',0,16,'N');
/*!40000 ALTER TABLE `source_document_header` ENABLE KEYS */;


--
-- Table structure for table `finance_system`.`stakeholder`
--

DROP TABLE IF EXISTS `stakeholder`;
CREATE TABLE `stakeholder` (
  `STAKEHOLDER_ID` int(11) NOT NULL AUTO_INCREMENT,
  `FULL_NAME` varchar(100) DEFAULT NULL,
  `ADDRESS` varchar(500) DEFAULT NULL,
  `EMAIL` varchar(200) DEFAULT NULL,
  `CONTACT_NO` varchar(20) DEFAULT NULL,
  `STATUS` char(1) NOT NULL DEFAULT 'A',
  `CREATED_BY` varchar(100) NOT NULL,
  `CREATED_DATE` date NOT NULL,
  `LAST_UPDATED_BY` varchar(100) NOT NULL,
  `LAST_UPDATED_DATE` date NOT NULL,
  `REMARK` varchar(500) DEFAULT NULL,
  `VERSION` int(11) DEFAULT NULL,
  PRIMARY KEY (`STAKEHOLDER_ID`)
) ENGINE=InnoDB AUTO_INCREMENT=43 DEFAULT CHARSET=latin1;

--
-- Dumping data for table `finance_system`.`stakeholder`
--

/*!40000 ALTER TABLE `stakeholder` DISABLE KEYS */;
INSERT INTO `stakeholder` (`STAKEHOLDER_ID`,`FULL_NAME`,`ADDRESS`,`EMAIL`,`CONTACT_NO`,`STATUS`,`CREATED_BY`,`CREATED_DATE`,`LAST_UPDATED_BY`,`LAST_UPDATED_DATE`,`REMARK`,`VERSION`) VALUES 
 (2,'Saman Publication','No 34, Colombo 01','saman@gmail.com','0715897887','A','194910','2021-06-05','194910','2021-09-11','printing company',14),
 (4,'Perera and Perera','No 12 Kandy Rd, Kadawatha','pereraco@gmail.com','0775894555','A','194910','2021-06-05','194910','2021-06-11','ppcompany@gmail.com',7),
 (5,'ABC Hardware','No 255/b, Colombo 02','','077899965','A','194910','2021-06-08','194910','2021-06-20','Supplier / Contracter',11),
 (8,'Tiddy Vedio','No 12, Kandy Rd, Kadawatha','tiddy12k@gmail.com','0711322802','A','194910','2021-06-09','194910','2021-06-26','production',4),
 (9,'Success Trading','Battaramulla, Colombo, Sri Lanka','successPa1@gmail.com','+94 0717458441','A','194910','2021-06-10','194910','2021-06-10','Battaramulla, Colombo, Sri Lanka',1),
 (11,'Nano Foam Tech Private Limited','Colombo 02, Colombo , Sri Lanka ','','0775832788','I','194910','2021-06-10','194910','2021-12-04','Construction & Real Estate',6),
 (12,'Magna Enterprises PVT (LTD)','Kegalla, Sri Lanka ','','0768701827','A','194910','2021-06-10','194910','2021-09-25','Automotive & Automobile',4);
INSERT INTO `stakeholder` (`STAKEHOLDER_ID`,`FULL_NAME`,`ADDRESS`,`EMAIL`,`CONTACT_NO`,`STATUS`,`CREATED_BY`,`CREATED_DATE`,`LAST_UPDATED_BY`,`LAST_UPDATED_DATE`,`REMARK`,`VERSION`) VALUES 
 (13,'Mewna Engineering Pvt Ltd','No 45/A, Colombo 04','mewa@gmail.com','071468963','A','194910','2021-06-10','194910','2021-06-11',' Electronics & Electrical ',2),
 (14,'SMS Marketing Sri Lanka','No 11,2 C, Peliyagoda ','','0778988541','A','194910','2021-06-10','194910','2021-06-11','Marketing ',1),
 (15,'Revo - Revolution','No 25, Kandy rd , Kiribathgoda','revo123@gmail.com','0115363558','I','194910','2021-06-10','194910','2021-06-19','Advertising agency',3),
 (16,'Kalana Chathuranga','No 12, Kaduwela Rd, Biyagama','','0775889664','A','194910','2021-06-10','194910','2021-06-10','Supplier',1),
 (17,'WM Construction','No 15, colombo 0600','','0712584433','I','194910','2021-06-10','194910','2021-06-11','Construction company',3),
 (24,'ABC company','No 195, Kandy','','078968923','A','194910','2021-06-11','194910','2021-06-11','',2),
 (27,'WA Silva','No 11, Biyagama South, Biyagama','','0112356896','A','194910','2021-06-11','194910','2021-06-11','',2);
INSERT INTO `stakeholder` (`STAKEHOLDER_ID`,`FULL_NAME`,`ADDRESS`,`EMAIL`,`CONTACT_NO`,`STATUS`,`CREATED_BY`,`CREATED_DATE`,`LAST_UPDATED_BY`,`LAST_UPDATED_DATE`,`REMARK`,`VERSION`) VALUES 
 (39,'Shan Fernando','No 56, Colombo 01','shan88@gmail.com','0789554471','A','194910','2021-06-19','194910','2021-06-19','supplier',3),
 (40,'Ravi Fernando','No 55 , Seeduwa','','0712322812','A','194910','2021-07-16','194910','2021-09-25','Supplier equipment',2),
 (41,'Roshan Kulawikkrama','No 12/5 A, Makola South, Makola','','0775893652','A','194910','2021-09-25','194910','2021-09-25','Designer and Advertisng',0),
 (42,'Dilshan Fernando','No 28, Colombo Rd, Negambo','','0711355203','A','194910','2021-12-04','194910','2021-12-04','',0);
/*!40000 ALTER TABLE `stakeholder` ENABLE KEYS */;


--
-- Table structure for table `finance_system`.`temp_pr_entries`
--

DROP TABLE IF EXISTS `temp_pr_entries`;
CREATE TABLE `temp_pr_entries` (
  `TEMP_PR_ENTRIES_ID` int(11) NOT NULL AUTO_INCREMENT,
  `PR_ID` int(11) NOT NULL,
  `STAKEHOLDER_ID` int(11) DEFAULT NULL,
  `DR_CR` varchar(20) DEFAULT NULL,
  `LEDGER_ACCOUNT_ID` int(11) DEFAULT NULL,
  `STK_ACCOUNT_NO` varchar(50) DEFAULT NULL,
  `AMOUNT` double DEFAULT NULL,
  `USER_ID` varchar(50) DEFAULT NULL,
  `STK_NAME` varchar(500) DEFAULT NULL,
  `ACCOUNT_NO` varchar(500) DEFAULT NULL,
  PRIMARY KEY (`TEMP_PR_ENTRIES_ID`)
) ENGINE=InnoDB AUTO_INCREMENT=668 DEFAULT CHARSET=latin1;

--
-- Dumping data for table `finance_system`.`temp_pr_entries`
--

/*!40000 ALTER TABLE `temp_pr_entries` DISABLE KEYS */;
INSERT INTO `temp_pr_entries` (`TEMP_PR_ENTRIES_ID`,`PR_ID`,`STAKEHOLDER_ID`,`DR_CR`,`LEDGER_ACCOUNT_ID`,`STK_ACCOUNT_NO`,`AMOUNT`,`USER_ID`,`STK_NAME`,`ACCOUNT_NO`) VALUES 
 (487,21,40,'DR',26,NULL,36900,'194960','Ravi Fernando','510020-Utilities Expense'),
 (488,21,40,'CR',0,'125896332598888',36900,'194960','Ravi Fernando',NULL),
 (543,26,9,'CR',0,NULL,24000,'194820','Success Trading',NULL),
 (544,26,9,'DR',24,NULL,24000,'194820','Success Trading','510236-Repair Supplies Expense'),
 (610,0,8,'CR',20,'',75600,'194990','Tiddy Vedio','467040-Pay Order'),
 (611,0,8,'DR',21,'',75600,'194990','Tiddy Vedio','492710-S/A money retained '),
 (618,28,41,'CR',0,NULL,40000,'194980','Roshan Kulawikkrama',NULL),
 (619,28,41,'DR',23,NULL,40000,'194980','Roshan Kulawikkrama','204012-Interest Payable'),
 (620,28,41,'CR',0,NULL,40000,'194830','Roshan Kulawikkrama',NULL),
 (621,28,41,'DR',23,NULL,40000,'194830','Roshan Kulawikkrama','204012-Interest Payable'),
 (626,28,41,'CR',0,NULL,40000,'194840','Roshan Kulawikkrama',NULL),
 (627,28,41,'DR',23,NULL,40000,'194840','Roshan Kulawikkrama','204012-Interest Payable');
INSERT INTO `temp_pr_entries` (`TEMP_PR_ENTRIES_ID`,`PR_ID`,`STAKEHOLDER_ID`,`DR_CR`,`LEDGER_ACCOUNT_ID`,`STK_ACCOUNT_NO`,`AMOUNT`,`USER_ID`,`STK_NAME`,`ACCOUNT_NO`) VALUES 
 (656,38,27,'CR',20,NULL,10800,'194930','WA Silva','467040-Pay Order'),
 (657,38,27,'DR',19,NULL,10800,'194930','WA Silva','393630-S/A Premises'),
 (658,38,27,'CR',20,NULL,10800,'194940','WA Silva','467040-Pay Order'),
 (659,38,27,'DR',19,NULL,10800,'194940','WA Silva','393630-S/A Premises'),
 (660,38,27,'CR',20,NULL,10800,'194950','WA Silva','467040-Pay Order'),
 (661,38,27,'DR',19,NULL,10800,'194950','WA Silva','393630-S/A Premises'),
 (664,39,27,'CR',20,NULL,33000,'194920','WA Silva','467040-Pay Order'),
 (665,39,27,'DR',0,NULL,33000,'194920','WA Silva',NULL),
 (666,39,27,'CR',20,NULL,33000,'194970','WA Silva','467040-Pay Order'),
 (667,39,27,'DR',0,NULL,33000,'194970','WA Silva',NULL);
/*!40000 ALTER TABLE `temp_pr_entries` ENABLE KEYS */;


--
-- Table structure for table `finance_system`.`temp_source_doc_approvals`
--

DROP TABLE IF EXISTS `temp_source_doc_approvals`;
CREATE TABLE `temp_source_doc_approvals` (
  `TEMP_SOURCE_DOC_APP_ID` int(11) NOT NULL AUTO_INCREMENT,
  `SOURCE_DOC_ID` int(11) DEFAULT NULL,
  `APPROVAL_TYPE` varchar(100) DEFAULT NULL,
  `APPROVAL_DOC_ID` int(11) DEFAULT NULL,
  `APPROVAL_REF_NO` varchar(100) DEFAULT NULL,
  `APPLIED_AMOUNT` int(11) DEFAULT NULL,
  `USER_ID` varchar(100) DEFAULT NULL,
  PRIMARY KEY (`TEMP_SOURCE_DOC_APP_ID`),
  UNIQUE KEY `Index 2` (`APPROVAL_DOC_ID`,`USER_ID`),
  CONSTRAINT `FK_temp_source_doc_approvals_approval_doc` FOREIGN KEY (`APPROVAL_DOC_ID`) REFERENCES `approval_doc` (`APPROVAL_DOC_ID`)
) ENGINE=InnoDB DEFAULT CHARSET=latin1;

--
-- Dumping data for table `finance_system`.`temp_source_doc_approvals`
--

/*!40000 ALTER TABLE `temp_source_doc_approvals` DISABLE KEYS */;
/*!40000 ALTER TABLE `temp_source_doc_approvals` ENABLE KEYS */;


--
-- Table structure for table `finance_system`.`user`
--

DROP TABLE IF EXISTS `user`;
CREATE TABLE `user` (
  `USER_ID` varchar(6) NOT NULL DEFAULT '' COMMENT 'employee id',
  `USER_NAME` varchar(255) NOT NULL DEFAULT '',
  `PASSWORD` varchar(255) NOT NULL DEFAULT '',
  `DEPARTMENT_ID` int(11) NOT NULL DEFAULT '0',
  `ACCESS_GROUP_ID` int(11) DEFAULT NULL,
  `DESIGNATION` varchar(255) DEFAULT NULL,
  `STATUS` varchar(255) NOT NULL DEFAULT 'A',
  PRIMARY KEY (`USER_ID`) USING BTREE,
  KEY `FK_user_access_group` (`ACCESS_GROUP_ID`) USING BTREE,
  KEY `FK_user_location` (`DEPARTMENT_ID`),
  CONSTRAINT `FK_user_access_group` FOREIGN KEY (`ACCESS_GROUP_ID`) REFERENCES `access_group` (`ACCESS_GROUP_ID`),
  CONSTRAINT `FK_user_location` FOREIGN KEY (`DEPARTMENT_ID`) REFERENCES `location` (`LOCATION_ID`)
) ENGINE=InnoDB DEFAULT CHARSET=latin1 COMMENT='login data';

--
-- Dumping data for table `finance_system`.`user`
--

/*!40000 ALTER TABLE `user` DISABLE KEYS */;
INSERT INTO `user` (`USER_ID`,`USER_NAME`,`PASSWORD`,`DEPARTMENT_ID`,`ACCESS_GROUP_ID`,`DESIGNATION`,`STATUS`) VALUES 
 ('194810','Nuwan Pradeep','123456',600,6,'Assistant Manager','A'),
 ('194820','Gayani Balasooriya','123456',665,3,'Deputy Manager','A'),
 ('194830','W.A Buddhika Athukorala','123456',665,4,'Assistant Manager','A'),
 ('194840','Chathu de mel','123456',665,3,'Deputy Manager','A'),
 ('194910','W.M.L.P Lakmali','123456',611,1,'Assistant Manager','A'),
 ('194920','Dilshan Fernando','123456',611,4,'Assistant Manager','A'),
 ('194930','Dilini Maheshi','123456',611,3,'Assistant Manager','A'),
 ('194940','K. Vasana','123456',600,4,'Deputy Manager','A'),
 ('194950','K. Chanthuranga','123456',600,3,'Deputy Manager','A'),
 ('194960','Amila Chamara','123456',600,5,'AGM','A'),
 ('194970','Lakmini','123456',611,2,'SA','A'),
 ('194980','W.M.A Deshapriya','123456',665,2,'SA','A'),
 ('194990','Rison Ayuka','123456',600,2,'SA','A');
/*!40000 ALTER TABLE `user` ENABLE KEYS */;

/*!40101 SET SQL_MODE=@OLD_SQL_MODE */;
/*!40014 SET FOREIGN_KEY_CHECKS=@OLD_FOREIGN_KEY_CHECKS */;
/*!40014 SET UNIQUE_CHECKS=@OLD_UNIQUE_CHECKS */;
/*!40101 SET CHARACTER_SET_CLIENT=@OLD_CHARACTER_SET_CLIENT */;
/*!40101 SET CHARACTER_SET_RESULTS=@OLD_CHARACTER_SET_RESULTS */;
/*!40101 SET COLLATION_CONNECTION=@OLD_COLLATION_CONNECTION */;
/*!40101 SET CHARACTER_SET_CLIENT=@OLD_CHARACTER_SET_CLIENT */;
